,formula,gene,object_id,subunit_count
0,[FruK]$_{2}$,FruK,1-PFK,2.0
1,[(SucA)$_{12}$][(SucB)$_{24}$][(Lpd)$_{2}$],SucA,2OXOGLUTARATEDEH-CPLX,12.0
2,[(SucA)$_{12}$][(SucB)$_{24}$][(Lpd)$_{2}$],SucB,2OXOGLUTARATEDEH-CPLX,24.0
3,[(SucA)$_{12}$][(SucB)$_{24}$][(Lpd)$_{2}$],Lpd,2OXOGLUTARATEDEH-CPLX,2.0
4,[LeuB]$_{2}$,LeuB,3-ISOPROPYLMALDEHYDROG-CPLX,2.0
5,[LeuC][LeuD],LeuC,3-ISOPROPYLMALISOM-CPLX,1.0
6,[LeuC][LeuD],LeuD,3-ISOPROPYLMALISOM-CPLX,1.0
7,[PanB]$_{10}$,PanB,3-METHYL-2-OXOBUT-OHCH3XFER-CPLX,10.0
8,[PfkA]$_{4}$,PfkA,6PFK-1-CPX,4.0
9,[PfkB]$_{2}$,PfkB,6PFK-2-CPX,2.0
10,[Gnd]$_{2}$,Gnd,6PGLUCONDEHYDROG-CPLX,2.0
11,[HdhA]$_{4}$,HdhA,7-ALPHA-HYDROXYSTEROID-DEH-CPLX,4.0
12,[BioF]$_{2}$,BioF,7KAPSYN-CPLX,2.0
13,[FepC]$_{2}$[FepD][FepG][FepB],FepC,ABC-10-CPLX,2.0
14,[FepC]$_{2}$[FepD][FepG][FepB],FepD,ABC-10-CPLX,1.0
15,[FepC]$_{2}$[FepD][FepG][FepB],FepG,ABC-10-CPLX,1.0
16,[FepC]$_{2}$[FepD][FepG][FepB],FepB,ABC-10-CPLX,1.0
17,[FhuC]$_{2}$[FhuB][FhuD],FhuC,ABC-11-CPLX,2.0
18,[FhuC]$_{2}$[FhuB][FhuD],FhuB,ABC-11-CPLX,1.0
19,[FhuC]$_{2}$[FhuB][FhuD],FhuD,ABC-11-CPLX,1.0
20,[GlnQ]$_{2}$[GlnP]$_{2}$[GlnH],GlnQ,ABC-12-CPLX,2.0
21,[GlnQ]$_{2}$[GlnP]$_{2}$[GlnH],GlnP,ABC-12-CPLX,2.0
22,[GlnQ]$_{2}$[GlnP]$_{2}$[GlnH],GlnH,ABC-12-CPLX,1.0
23,[GltI][GltK][GltJ][GltL]$_{2}$,GltI,ABC-13-CPLX,1.0
24,[GltI][GltK][GltJ][GltL]$_{2}$,GltK,ABC-13-CPLX,1.0
25,[GltI][GltK][GltJ][GltL]$_{2}$,GltJ,ABC-13-CPLX,1.0
26,[GltI][GltK][GltJ][GltL]$_{2}$,GltL,ABC-13-CPLX,2.0
27,[HisP]$_{2}$[HisM][HisQ][HisJ],HisP,ABC-14-CPLX,2.0
28,[HisP]$_{2}$[HisM][HisQ][HisJ],HisM,ABC-14-CPLX,1.0
29,[HisP]$_{2}$[HisM][HisQ][HisJ],HisQ,ABC-14-CPLX,1.0
30,[HisP]$_{2}$[HisM][HisQ][HisJ],HisJ,ABC-14-CPLX,1.0
31,[LivF][LivG][LivH][LivM][LivJ],LivF,ABC-15-CPLX,1.0
32,[LivF][LivG][LivH][LivM][LivJ],LivG,ABC-15-CPLX,1.0
33,[LivF][LivG][LivH][LivM][LivJ],LivH,ABC-15-CPLX,1.0
34,[LivF][LivG][LivH][LivM][LivJ],LivM,ABC-15-CPLX,1.0
35,[LivF][LivG][LivH][LivM][LivJ],LivJ,ABC-15-CPLX,1.0
36,[MalK]$_{2}$[MalF][MalG][MalE],MalK,ABC-16-CPLX,2.0
37,[MalK]$_{2}$[MalF][MalG][MalE],MalF,ABC-16-CPLX,1.0
38,[MalK]$_{2}$[MalF][MalG][MalE],MalG,ABC-16-CPLX,1.0
39,[MalK]$_{2}$[MalF][MalG][MalE],MalE,ABC-16-CPLX,1.0
40,[MglA][MglC]$_{2}$[MglB],MglA,ABC-18-CPLX,1.0
41,[MglA][MglC]$_{2}$[MglB],MglC,ABC-18-CPLX,2.0
42,[MglA][MglC]$_{2}$[MglB],MglB,ABC-18-CPLX,1.0
43,[ModC][ModB]$_{2}$[ModA],ModC,ABC-19-CPLX,1.0
44,[ModC][ModB]$_{2}$[ModA],ModB,ABC-19-CPLX,2.0
45,[ModC][ModB]$_{2}$[ModA],ModA,ABC-19-CPLX,1.0
46,[AraG]$_{2}$[AraH]$_{2}$[AraF],AraG,ABC-2-CPLX,2.0
47,[AraG]$_{2}$[AraH]$_{2}$[AraF],AraH,ABC-2-CPLX,2.0
48,[AraG]$_{2}$[AraH]$_{2}$[AraF],AraF,ABC-2-CPLX,1.0
49,[NikD][NikE][NikB][NikC][NikA],NikD,ABC-20-CPLX,1.0
50,[NikD][NikE][NikB][NikC][NikA],NikE,ABC-20-CPLX,1.0
51,[NikD][NikE][NikB][NikC][NikA],NikB,ABC-20-CPLX,1.0
52,[NikD][NikE][NikB][NikC][NikA],NikC,ABC-20-CPLX,1.0
53,[NikD][NikE][NikB][NikC][NikA],NikA,ABC-20-CPLX,1.0
54,[YadG][YadH],YadG,ABC-21-CPLX,1.0
55,[YadG][YadH],YadH,ABC-21-CPLX,1.0
56,[OppC][OppD][OppF][OppB][OppA],OppC,ABC-22-CPLX,1.0
57,[OppC][OppD][OppF][OppB][OppA],OppD,ABC-22-CPLX,1.0
58,[OppC][OppD][OppF][OppB][OppA],OppF,ABC-22-CPLX,1.0
59,[OppC][OppD][OppF][OppB][OppA],OppB,ABC-22-CPLX,1.0
60,[OppC][OppD][OppF][OppB][OppA],OppA,ABC-22-CPLX,1.0
61,[PhnC]$_{2}$[PhnE]$_{2}$[PhnD],PhnC,ABC-23-CPLX,2.0
62,[PhnC]$_{2}$[PhnE]$_{2}$[PhnD],PhnE,ABC-23-CPLX,2.0
63,[PhnC]$_{2}$[PhnE]$_{2}$[PhnD],PhnD,ABC-23-CPLX,1.0
64,[PotA]$_{2}$[PotB][PotC][PotD],PotA,ABC-24-CPLX,2.0
65,[PotA]$_{2}$[PotB][PotC][PotD],PotB,ABC-24-CPLX,1.0
66,[PotA]$_{2}$[PotB][PotC][PotD],PotC,ABC-24-CPLX,1.0
67,[PotA]$_{2}$[PotB][PotC][PotD],PotD,ABC-24-CPLX,1.0
68,[PotG]$_{2}$[PotH][PotI][PotF],PotG,ABC-25-CPLX,2.0
69,[PotG]$_{2}$[PotH][PotI][PotF],PotH,ABC-25-CPLX,1.0
70,[PotG]$_{2}$[PotH][PotI][PotF],PotI,ABC-25-CPLX,1.0
71,[PotG]$_{2}$[PotH][PotI][PotF],PotF,ABC-25-CPLX,1.0
72,[ProV]$_{2}$[ProW]$_{2}$[ProX],ProV,ABC-26-CPLX,2.0
73,[ProV]$_{2}$[ProW]$_{2}$[ProX],ProW,ABC-26-CPLX,2.0
74,[ProV]$_{2}$[ProW]$_{2}$[ProX],ProX,ABC-26-CPLX,1.0
75,[PstB]$_{2}$[PstA][PstC][PstS],PstB,ABC-27-CPLX,2.0
76,[PstB]$_{2}$[PstA][PstC][PstS],PstA,ABC-27-CPLX,1.0
77,[PstB]$_{2}$[PstA][PstC][PstS],PstC,ABC-27-CPLX,1.0
78,[PstB]$_{2}$[PstA][PstC][PstS],PstS,ABC-27-CPLX,1.0
79,[RbsA][RbsC]$_{2}$[RbsB],RbsA,ABC-28-CPLX,1.0
80,[RbsA][RbsC]$_{2}$[RbsB],RbsC,ABC-28-CPLX,2.0
81,[RbsA][RbsC]$_{2}$[RbsB],RbsB,ABC-28-CPLX,1.0
82,[SapF][SapC][SapB][SapD],SapF,ABC-29-CPLX,1.0
83,[SapF][SapC][SapB][SapD],SapC,ABC-29-CPLX,1.0
84,[SapF][SapC][SapB][SapD],SapB,ABC-29-CPLX,1.0
85,[SapF][SapC][SapB][SapD],SapD,ABC-29-CPLX,1.0
86,[HisQ][HisP]$_{2}$[HisM][ArgT],HisQ,ABC-3-CPLX,1.0
87,[HisQ][HisP]$_{2}$[HisM][ArgT],HisP,ABC-3-CPLX,2.0
88,[HisQ][HisP]$_{2}$[HisM][ArgT],HisM,ABC-3-CPLX,1.0
89,[HisQ][HisP]$_{2}$[HisM][ArgT],ArgT,ABC-3-CPLX,1.0
90,[LivK][LivM][LivH][LivG][LivF],LivK,ABC-304-CPLX,1.0
91,[LivK][LivM][LivH][LivG][LivF],LivM,ABC-304-CPLX,1.0
92,[LivK][LivM][LivH][LivG][LivF],LivH,ABC-304-CPLX,1.0
93,[LivK][LivM][LivH][LivG][LivF],LivG,ABC-304-CPLX,1.0
94,[LivK][LivM][LivH][LivG][LivF],LivF,ABC-304-CPLX,1.0
95,[ThiQ]$_{2}$[ThiP]$_{2}$[ThiB],ThiQ,ABC-32-CPLX,2.0
96,[ThiQ]$_{2}$[ThiP]$_{2}$[ThiB],ThiP,ABC-32-CPLX,2.0
97,[ThiQ]$_{2}$[ThiP]$_{2}$[ThiB],ThiB,ABC-32-CPLX,1.0
98,[XylG][XylH]$_{2}$[XylF],XylG,ABC-33-CPLX,1.0
99,[XylG][XylH]$_{2}$[XylF],XylH,ABC-33-CPLX,2.0
100,[XylG][XylH]$_{2}$[XylF],XylF,ABC-33-CPLX,1.0
101,[UgpC]$_{2}$[UgpA][UgpE][UgpB],UgpC,ABC-34-CPLX,2.0
102,[UgpC]$_{2}$[UgpA][UgpE][UgpB],UgpA,ABC-34-CPLX,1.0
103,[UgpC]$_{2}$[UgpA][UgpE][UgpB],UgpE,ABC-34-CPLX,1.0
104,[UgpC]$_{2}$[UgpA][UgpE][UgpB],UgpB,ABC-34-CPLX,1.0
105,[CcmD][CcmB][CcmA]$_{2}$[CcmE][CcmC],CcmD,ABC-35-CPLX,1.0
106,[CcmD][CcmB][CcmA]$_{2}$[CcmE][CcmC],CcmB,ABC-35-CPLX,1.0
107,[CcmD][CcmB][CcmA]$_{2}$[CcmE][CcmC],CcmA,ABC-35-CPLX,2.0
108,[CcmD][CcmB][CcmA]$_{2}$[CcmE][CcmC],CcmE,ABC-35-CPLX,1.0
109,[CcmD][CcmB][CcmA]$_{2}$[CcmE][CcmC],CcmC,ABC-35-CPLX,1.0
110,[ArtJ][ArtQ][ArtM][ArtP]$_{2}$,ArtJ,ABC-4-CPLX,1.0
111,[ArtJ][ArtQ][ArtM][ArtP]$_{2}$,ArtQ,ABC-4-CPLX,1.0
112,[ArtJ][ArtQ][ArtM][ArtP]$_{2}$,ArtM,ABC-4-CPLX,1.0
113,[ArtJ][ArtQ][ArtM][ArtP]$_{2}$,ArtP,ABC-4-CPLX,2.0
114,[OsmF][YehY][YehX][YehW],OsmF,ABC-40-CPLX,1.0
115,[OsmF][YehY][YehX][YehW],YehY,ABC-40-CPLX,1.0
116,[OsmF][YehY][YehX][YehW],YehX,ABC-40-CPLX,1.0
117,[OsmF][YehY][YehX][YehW],YehW,ABC-40-CPLX,1.0
118,[YejF][YejB][YejE][YejA],YejF,ABC-41-CPLX,1.0
119,[YejF][YejB][YejE][YejA],YejB,ABC-41-CPLX,1.0
120,[YejF][YejB][YejE][YejA],YejE,ABC-41-CPLX,1.0
121,[YejF][YejB][YejE][YejA],YejA,ABC-41-CPLX,1.0
122,[AlsA][AlsC]$_{2}$[AlsB],AlsA,ABC-42-CPLX,1.0
123,[AlsA][AlsC]$_{2}$[AlsB],AlsC,ABC-42-CPLX,2.0
124,[AlsA][AlsC]$_{2}$[AlsB],AlsB,ABC-42-CPLX,1.0
125,[MlaB]$_{2}$[MlaD]$_{6}$[MlaE]$_{2}$[MlaF]$_{2}$,MlaB,ABC-45-CPLX,2.0
126,[MlaB]$_{2}$[MlaD]$_{6}$[MlaE]$_{2}$[MlaF]$_{2}$,MlaD,ABC-45-CPLX,6.0
127,[MlaB]$_{2}$[MlaD]$_{6}$[MlaE]$_{2}$[MlaF]$_{2}$,MlaE,ABC-45-CPLX,2.0
128,[MlaB]$_{2}$[MlaD]$_{6}$[MlaE]$_{2}$[MlaF]$_{2}$,MlaF,ABC-45-CPLX,2.0
129,[YjfF][YtfR][YtfT][YtfQ],YjfF,ABC-46-CPLX,1.0
130,[YjfF][YtfR][YtfT][YtfQ],YtfR,ABC-46-CPLX,1.0
131,[YjfF][YtfR][YtfT][YtfQ],YtfT,ABC-46-CPLX,1.0
132,[YjfF][YtfR][YtfT][YtfQ],YtfQ,ABC-46-CPLX,1.0
133,[YnjC][YnjD][YnjB],YnjC,ABC-48-CPLX,1.0
134,[YnjC][YnjD][YnjB],YnjD,ABC-48-CPLX,1.0
135,[YnjC][YnjD][YnjB],YnjB,ABC-48-CPLX,1.0
136,[GsiA][GsiB][GsiD][GsiC],GsiA,ABC-49-CPLX,1.0
137,[GsiA][GsiB][GsiD][GsiC],GsiB,ABC-49-CPLX,1.0
138,[GsiA][GsiB][GsiD][GsiC],GsiD,ABC-49-CPLX,1.0
139,[GsiA][GsiB][GsiD][GsiC],GsiC,ABC-49-CPLX,1.0
140,[BtuD]$_{2}$[BtuC]$_{2}$[BtuF],BtuD,ABC-5-CPLX,2.0
141,[BtuD]$_{2}$[BtuC]$_{2}$[BtuF],BtuC,ABC-5-CPLX,2.0
142,[BtuD]$_{2}$[BtuC]$_{2}$[BtuF],BtuF,ABC-5-CPLX,1.0
143,[YdcS][YdcT][YdcV][YdcU],YdcS,ABC-51-CPLX,1.0
144,[YdcS][YdcT][YdcV][YdcU],YdcT,ABC-51-CPLX,1.0
145,[YdcS][YdcT][YdcV][YdcU],YdcV,ABC-51-CPLX,1.0
146,[YdcS][YdcT][YdcV][YdcU],YdcU,ABC-51-CPLX,1.0
147,[YhdZ][YhdY][YhdX][YhdW],YhdZ,ABC-52-CPLX,1.0
148,[YhdZ][YhdY][YhdX][YhdW],YhdY,ABC-52-CPLX,1.0
149,[YhdZ][YhdY][YhdX][YhdW],YhdX,ABC-52-CPLX,1.0
150,[YhdZ][YhdY][YhdX][YhdW],YhdW,ABC-52-CPLX,1.0
151,[FtsE]$_{2}$[FtsX],FtsE,ABC-54-CPLX,2.0
152,[FtsE]$_{2}$[FtsX],FtsX,ABC-54-CPLX,1.0
153,[YcjP][YcjO][YcjN][YcjV],YcjP,ABC-55-CPLX,1.0
154,[YcjP][YcjO][YcjN][YcjV],YcjO,ABC-55-CPLX,1.0
155,[YcjP][YcjO][YcjN][YcjV],YcjN,ABC-55-CPLX,1.0
156,[YcjP][YcjO][YcjN][YcjV],YcjV,ABC-55-CPLX,1.0
157,[SsuA][SsuC]$_{2}$[SsuB]$_{2}$,SsuA,ABC-56-CPLX,1.0
158,[SsuA][SsuC]$_{2}$[SsuB]$_{2}$,SsuC,ABC-56-CPLX,2.0
159,[SsuA][SsuC]$_{2}$[SsuB]$_{2}$,SsuB,ABC-56-CPLX,2.0
160,[YbhS][YbhR][YbhF],YbhS,ABC-57-CPLX,1.0
161,[YbhS][YbhR][YbhF],YbhR,ABC-57-CPLX,1.0
162,[YbhS][YbhR][YbhF],YbhF,ABC-57-CPLX,1.0
163,[LsrB][LsrD][LsrC][LsrA]$_{2}$,LsrB,ABC-58-CPLX,1.0
164,[LsrB][LsrD][LsrC][LsrA]$_{2}$,LsrD,ABC-58-CPLX,1.0
165,[LsrB][LsrD][LsrC][LsrA]$_{2}$,LsrC,ABC-58-CPLX,1.0
166,[LsrB][LsrD][LsrC][LsrA]$_{2}$,LsrA,ABC-58-CPLX,2.0
167,[DdpB][DdpC][DdpA][DdpD][DdpF],DdpB,ABC-59-CPLX,1.0
168,[DdpB][DdpC][DdpA][DdpD][DdpF],DdpC,ABC-59-CPLX,1.0
169,[DdpB][DdpC][DdpA][DdpD][DdpF],DdpA,ABC-59-CPLX,1.0
170,[DdpB][DdpC][DdpA][DdpD][DdpF],DdpD,ABC-59-CPLX,1.0
171,[DdpB][DdpC][DdpA][DdpD][DdpF],DdpF,ABC-59-CPLX,1.0
172,[CydD][CydC],CydD,ABC-6-CPLX,1.0
173,[CydD][CydC],CydC,ABC-6-CPLX,1.0
174,[YphD][YphF][YphE],YphD,ABC-60-CPLX,1.0
175,[YphD][YphF][YphE],YphF,ABC-60-CPLX,1.0
176,[YphD][YphF][YphE],YphE,ABC-60-CPLX,1.0
177,[YbbP][YbbA],YbbP,ABC-61-CPLX,1.0
178,[YbbP][YbbA],YbbA,ABC-61-CPLX,1.0
179,[LolE][LolD]$_{2}$[LolC],LolE,ABC-62-CPLX,1.0
180,[LolE][LolD]$_{2}$[LolC],LolD,ABC-62-CPLX,2.0
181,[LolE][LolD]$_{2}$[LolC],LolC,ABC-62-CPLX,1.0
182,[ZnuC]$_{2}$[ZnuB]$_{2}$[ZnuA],ZnuC,ABC-63-CPLX,2.0
183,[ZnuC]$_{2}$[ZnuB]$_{2}$[ZnuA],ZnuB,ABC-63-CPLX,2.0
184,[ZnuC]$_{2}$[ZnuB]$_{2}$[ZnuA],ZnuA,ABC-63-CPLX,1.0
185,[TauA][TauC]$_{2}$[TauB]$_{2}$,TauA,ABC-64-CPLX,1.0
186,[TauA][TauC]$_{2}$[TauB]$_{2}$,TauC,ABC-64-CPLX,2.0
187,[TauA][TauC]$_{2}$[TauB]$_{2}$,TauB,ABC-64-CPLX,2.0
188,[CysA]$_{2}$[CysW][CysU][CysP],CysA,ABC-7-CPLX,2.0
189,[CysA]$_{2}$[CysW][CysU][CysP],CysW,ABC-7-CPLX,1.0
190,[CysA]$_{2}$[CysW][CysU][CysP],CysU,ABC-7-CPLX,1.0
191,[CysA]$_{2}$[CysW][CysU][CysP],CysP,ABC-7-CPLX,1.0
192,[Sbp][CysW][CysU][CysA]$_{2}$,Sbp,ABC-70-CPLX,1.0
193,[Sbp][CysW][CysU][CysA]$_{2}$,CysW,ABC-70-CPLX,1.0
194,[Sbp][CysW][CysU][CysA]$_{2}$,CysU,ABC-70-CPLX,1.0
195,[Sbp][CysW][CysU][CysA]$_{2}$,CysA,ABC-70-CPLX,2.0
196,[DppD][DppF][DppB][DppC][DppA],DppD,ABC-8-CPLX,1.0
197,[DppD][DppF][DppB][DppC][DppA],DppF,ABC-8-CPLX,1.0
198,[DppD][DppF][DppB][DppC][DppA],DppB,ABC-8-CPLX,1.0
199,[DppD][DppF][DppB][DppC][DppA],DppC,ABC-8-CPLX,1.0
200,[DppD][DppF][DppB][DppC][DppA],DppA,ABC-8-CPLX,1.0
201,[FecE]$_{2}$[FecC][FecD][FecB],FecE,ABC-9-CPLX,2.0
202,[FecE]$_{2}$[FecC][FecD][FecB],FecC,ABC-9-CPLX,1.0
203,[FecE]$_{2}$[FecC][FecD][FecB],FecD,ABC-9-CPLX,1.0
204,[FecE]$_{2}$[FecC][FecD][FecB],FecB,ABC-9-CPLX,1.0
205,[(AtoA)$_{2}$][(AtoD)$_{2}$],AtoA,ACETOACETYL-COA-TRANSFER-CPLX,2.0
206,[(AtoA)$_{2}$][(AtoD)$_{2}$],AtoD,ACETOACETYL-COA-TRANSFER-CPLX,2.0
207,[IlvB]$_{2}$[IlvN]$_{2}$,IlvB,ACETOLACTSYNI-CPLX,2.0
208,[IlvB]$_{2}$[IlvN]$_{2}$,IlvN,ACETOLACTSYNI-CPLX,2.0
209,[IlvG][IlvM],IlvG,ACETOLACTSYNII-CPLX,1.0
210,[IlvG][IlvM],IlvM,ACETOLACTSYNII-CPLX,1.0
211,[IlvI]$_{2}$[IlvH]$_{2}$,IlvI,ACETOLACTSYNIII-CPLX,2.0
212,[IlvI]$_{2}$[IlvH]$_{2}$,IlvH,ACETOLACTSYNIII-CPLX,2.0
213,[AtoB]$_{4}$,AtoB,ACETYL-COA-ACETYLTRANSFER-CPLX,4.0
214,[(AccA)$_{2}$(AccD)$_{2}$][(AccC)$_{2}$][(biotinylated biotin-carboxyl carrier protein)$_{2}$],AccA,ACETYL-COA-CARBOXYLMULTI-CPLX,1.0
215,[(AccA)$_{2}$(AccD)$_{2}$][(AccC)$_{2}$][(biotinylated biotin-carboxyl carrier protein)$_{2}$],AccD,ACETYL-COA-CARBOXYLMULTI-CPLX,2.0
216,[(AccA)$_{2}$(AccD)$_{2}$][(AccC)$_{2}$][(biotinylated biotin-carboxyl carrier protein)$_{2}$],AccC,ACETYL-COA-CARBOXYLMULTI-CPLX,2.0
217,(AccA)$_{2}$(AccD)$_{2}$ (extended summary available),AccA,ACETYL-COA-CARBOXYLTRANSFER-CPLX,1.0
218,(AccA)$_{2}$(AccD)$_{2}$ (extended summary available),AccD,ACETYL-COA-CARBOXYLTRANSFER-CPLX,1.0
219,[AccA]$_{2}$[AccD]$_{2}$,AccA,ACETYL-COA-CARBOXYLTRANSFER-CPLX,2.0
220,[AccA]$_{2}$[AccD]$_{2}$,AccD,ACETYL-COA-CARBOXYLTRANSFER-CPLX,2.0
221,[ArgB]$_{2}$,ArgB,ACETYLGLUTKIN-CPLX,2.0
222,[ArgE]$_{2}$,ArgE,ACETYLORNDEACET-CPLX,2.0
223,[ArgD]$_{2}$,ArgD,ACETYLORNTRANSAM-CPLX,2.0
224,[NanA]$_{4}$,NanA,ACNEULY-CPLX,4.0
225,[CysK]$_{2}$,CysK,ACSERLYA-CPLX,2.0
226,[CysM]$_{2}$,CysM,ACSERLYB-CPLX,2.0
227,[FadD]$_{2}$,FadD,ACYLCOASYN-CPLX,2.0
228,[PabC]$_{2}$,PabC,ADCLY-CPLX,2.0
229,[Apt]$_{2}$,Apt,ADENPRIBOSYLTRAN-CPLX,2.0
230,[PurA]$_{2}$,PurA,ADENYLOSUCCINATE-SYN-DIMER,2.0
231,[CysC]$_{2}$,CysC,ADENYLYLSULFKIN-CPLX,2.0
232,[FrmA]$_{2}$,FrmA,ADHC-CPLX,2.0
233,[AdhE]$_{40}$,AdhE,ADHE-CPLX,40.0
234,[GlpD]$_{2}$,GlpD,AERGLYC3PDEHYDROG-CPLX,2.0
235,[SpeB]$_{2}$,SpeB,AGMATIN-CPLX,2.0
236,[PurM]$_{2}$,PurM,AIRS-CPLX,2.0
237,[Kbl]$_{2}$,Kbl,AKBLIG-CPLX,2.0
238,[AlaS]$_{2}$,AlaS,ALAS-CPLX,2.0
239,[AldA]$_{4}$,AldA,ALD-CPLX,4.0
240,[PhoA]$_{2}$,PhoA,ALKAPHOSPHA-CPLX,2.0
241,(FdnI)(FdnH)(FdnG),FdnI,ALPHA-SUBUNIT-CPLX,1.0
242,(FdnI)(FdnH)(FdnG),FdnH,ALPHA-SUBUNIT-CPLX,1.0
243,(FdnI)(FdnH)(FdnG),FdnG,ALPHA-SUBUNIT-CPLX,1.0
244,[MelA]$_{2}$,MelA,ALPHAGALACTOSID-CPLX,2.0
245,[TynA]$_{2}$,TynA,AMINEOXID-CPLX,2.0
246,[Amn]$_{6}$,Amn,AMP-NUCLEOSID-CPLX,6.0
247,[GlpA][GlpB][GlpC],GlpA,ANGLYC3PDEHYDROG-CPLX,1.0
248,[GlpA][GlpB][GlpC],GlpB,ANGLYC3PDEHYDROG-CPLX,1.0
249,[GlpA][GlpB][GlpC],GlpC,ANGLYC3PDEHYDROG-CPLX,1.0
250,[AnsA]$_{4}$,AnsA,ANSA-CPLX,4.0
251,[AnsB]$_{4}$,AnsB,ANSB-CPLX,4.0
252,[TrpE]$_{2}$[TrpD]$_{2}$,TrpE,ANTHRANSYN-CPLX,2.0
253,[TrpE]$_{2}$[TrpD]$_{2}$,TrpD,ANTHRANSYN-CPLX,2.0
254,[AphA]$_{4}$,AphA,APHA-CPLX,4.0
255,(RpoA)$_{2}$(RpoC)(RpoB) (extended summary available),RpoA,APORNAP-CPLX,1.0
256,(RpoA)$_{2}$(RpoC)(RpoB) (extended summary available),RpoC,APORNAP-CPLX,1.0
257,(RpoA)$_{2}$(RpoC)(RpoB) (extended summary available),RpoB,APORNAP-CPLX,1.0
258,[RpoA]$_{2}$[RpoC][RpoB],RpoA,APORNAP-CPLX,2.0
259,[RpoA]$_{2}$[RpoC][RpoB],RpoC,APORNAP-CPLX,1.0
260,[RpoA]$_{2}$[RpoC][RpoB],RpoB,APORNAP-CPLX,1.0
261,[AppC][AppB],AppC,APP-UBIOX-CPLX,1.0
262,[AppC][AppB],AppB,APP-UBIOX-CPLX,1.0
263,[AraA]$_{6}$,AraA,ARABISOM-CPLX,6.0
264,[ArcB]$_{2}$,ArcB,ARCB-CPLX,2.0
265,[SpeA]$_{4}$,SpeA,ARGDECARBOXBIO-CPLX,4.0
266,[AdiA]$_{10}$,AdiA,ARGDECARBOXDEG-CPLX,10.0
267,[AroC]$_{4}$,AroC,AROC-CPLX,4.0
268,[AroD]$_{2}$,AroD,AROD-CPLX,2.0
269,[AroF]$_{2}$,AroF,AROF-CPLX,2.0
270,[AroG]$_{4}$,AroG,AROG-CPLX,4.0
271,[AroH]$_{2}$,AroH,AROH-CPLX,2.0
272,[AsnS]$_{2}$,AsnS,ASNS-CPLX,2.0
273,[AsnA]$_{2}$,AsnA,ASNSYNA-CPLX,2.0
274,[AsnB]$_{2}$,AsnB,ASNSYNB-CPLX,2.0
275,[Asd]$_{2}$,Asd,ASP-SEMIALDEHYDE-DEHYDROGENASE-CPLX,2.0
276,[AspC]$_{2}$,AspC,ASPAMINOTRANS-DIMER,2.0
277,[AspA]$_{4}$,AspA,ASPARTASE-CPLX,4.0
278,[(PyrB)$_{3}$]$_{2}$[(PyrI)$_{2}$]$_{3}$,PyrB,ASPCARBTRANS-CPLX,18.0
279,[(PyrB)$_{3}$]$_{2}$[(PyrI)$_{2}$]$_{3}$,PyrI,ASPCARBTRANS-CPLX,12.0
280,[ThrA]$_{4}$,ThrA,ASPKINIHOMOSERDEHYDROGI-CPLX,4.0
281,[MetL]$_{2}$,MetL,ASPKINIIHOMOSERDEHYDROGII-CPLX,2.0
282,[LysC]$_{2}$,LysC,ASPKINIII-CPLX,2.0
283,[AspS]$_{2}$,AspS,ASPS-CPLX,2.0
284,[(AtpE]$_{10}$)(AtpF]$_{2}$)(AtpB)](AtpC)(AtpH)(AtpA]$_{3}$)(AtpG)(AtpD]$_{3}$)],AtpA,ATPA-CPLX,1.0
285,[KdpF][KdpA][KdpB][KdpC],KdpF,ATPASE-1-CPLX,1.0
286,[KdpF][KdpA][KdpB][KdpC],KdpA,ATPASE-1-CPLX,1.0
287,[KdpF][KdpA][KdpB][KdpC],KdpB,ATPASE-1-CPLX,1.0
288,[KdpF][KdpA][KdpB][KdpC],KdpC,ATPASE-1-CPLX,1.0
289,[(AtpE]$_{10}$)(AtpF]$_{2}$)(AtpB)](AtpC)(AtpH)(AtpA]$_{3}$)(AtpG)(AtpD]$_{3}$)],AtpD,ATPD-CPLX,3.0
290,[(AtpE]$_{10}$)(AtpF]$_{2}$)(AtpB)](AtpC)(AtpH)(AtpA]$_{3}$)(AtpG)(AtpD]$_{3}$)],AtpE,ATPE-CPLX,1.0
291,[(AtpE]$_{10}$)(AtpF]$_{2}$)(AtpB)](AtpC)(AtpH)(AtpA]$_{3}$)(AtpG)(AtpD]$_{3}$)],AtpF,ATPF-CPLX,1.0
292,[([AtpE]$_{10}$)([AtpF]$_{2}$)(AtpB)][(AtpC)(AtpH)([AtpA]$_{3}$)(AtpG)([AtpD]$_{3}$)],AtpE,ATPSYN-CPLX,10.0
293,[([AtpE]$_{10}$)([AtpF]$_{2}$)(AtpB)][(AtpC)(AtpH)([AtpA]$_{3}$)(AtpG)([AtpD]$_{3}$)],AtpF,ATPSYN-CPLX,1.0
294,[([AtpE]$_{10}$)([AtpF]$_{2}$)(AtpB)][(AtpC)(AtpH)([AtpA]$_{3}$)(AtpG)([AtpD]$_{3}$)],AtpB,ATPSYN-CPLX,1.0
295,[([AtpE]$_{10}$)([AtpF]$_{2}$)(AtpB)][(AtpC)(AtpH)([AtpA]$_{3}$)(AtpG)([AtpD]$_{3}$)],AtpC,ATPSYN-CPLX,1.0
296,[([AtpE]$_{10}$)([AtpF]$_{2}$)(AtpB)][(AtpC)(AtpH)([AtpA]$_{3}$)(AtpG)([AtpD]$_{3}$)],AtpH,ATPSYN-CPLX,1.0
297,[([AtpE]$_{10}$)([AtpF]$_{2}$)(AtpB)][(AtpC)(AtpH)([AtpA]$_{3}$)(AtpG)([AtpD]$_{3}$)],AtpA,ATPSYN-CPLX,3.0
298,[([AtpE]$_{10}$)([AtpF]$_{2}$)(AtpB)][(AtpC)(AtpH)([AtpA]$_{3}$)(AtpG)([AtpD]$_{3}$)],AtpG,ATPSYN-CPLX,1.0
299,[([AtpE]$_{10}$)([AtpF]$_{2}$)(AtpB)][(AtpC)(AtpH)([AtpA]$_{3}$)(AtpG)([AtpD]$_{3}$)],AtpD,ATPSYN-CPLX,3.0
300,[BetB]$_{4}$,BetB,BADH-CPLX,4.0
301,[LacZ]$_{4}$,LacZ,BETAGALACTOSID-CPLX,4.0
302,[AccC]$_{2}$,AccC,BIOTIN-CARBOXYL-CPLX,2.0
303,[BioB]$_{2}$,BioB,BIOTIN-SYN-CPLX,2.0
304,[IlvE]$_{6}$,IlvE,BRANCHED-CHAINAMINOTRANSFER-CPLX,6.0
305,[CynT]$_{2}$,CynT,CARBODEHYDRAT-CPLX,2.0
306,[CarB]$_{2}$[CarA]$_{2}$,CarB,CARBPSYN-CPLX,2.0
307,[CarB]$_{2}$[CarA]$_{2}$,CarA,CARBPSYN-CPLX,2.0
308,[CaiB]$_{2}$,CaiB,CARNDEHYDRA-CPLX,2.0
309,[Cfa]$_{2}$,Cfa,CFA-CPLX,2.0
310,[CheZ]$_{2}$,CheZ,CHEZ-CPLX,2.0
311,[PheA]$_{2}$,PheA,CHORISMUTPREPHENDEHYDRAT-CPLX,2.0
312,[TyrA]$_{2}$,TyrA,CHORISMUTPREPHENDEHYDROG-CPLX,2.0
313,[(CitD)$_{6}$][(CitF)$_{6}$][(CitE)$_{6}$],CitD,CITLY-CPLX,6.0
314,[(CitD)$_{6}$][(CitF)$_{6}$][(CitE)$_{6}$],CitF,CITLY-CPLX,6.0
315,[(CitD)$_{6}$][(CitF)$_{6}$][(CitE)$_{6}$],CitE,CITLY-CPLX,6.0
316,[GltA]$_{6}$,GltA,CITRATE-SI-SYNTHASE,6.0
317,[CoaD]$_{6}$,CoaD,COADTRI-CPLX,6.0
318,[CobU]$_{2}$,CobU,COBU-CPLX,2.0
319,[AscF]$_{2}$,AscF,CPLX-153,2.0
320,[ChbA][ChbC][ChbB],ChbA,CPLX-155,1.0
321,[ChbA][ChbC][ChbB],ChbC,CPLX-155,1.0
322,[ChbA][ChbC][ChbB],ChbB,CPLX-155,1.0
323,[CmtB][CmtA],CmtB,CPLX-156,1.0
324,[CmtB][CmtA],CmtA,CPLX-156,1.0
325,[PtsG]$_{2}$[Crr],PtsG,CPLX-157,2.0
326,[PtsG]$_{2}$[Crr],Crr,CPLX-157,1.0
327,[FruB][FruA]$_{2}$,FruB,CPLX-158,1.0
328,[FruB][FruA]$_{2}$,FruA,CPLX-158,2.0
329,[FrvB][FrvA],FrvB,CPLX-159,1.0
330,[FrvB][FrvA],FrvA,CPLX-159,1.0
331,[FrwC][FrwB][FrwD][PtsA],FrwC,CPLX-160,1.0
332,[FrwC][FrwB][FrwD][PtsA],FrwB,CPLX-160,1.0
333,[FrwC][FrwB][FrwD][PtsA],FrwD,CPLX-160,1.0
334,[FrwC][FrwB][FrwD][PtsA],PtsA,CPLX-160,1.0
335,[ManZ]$_{2}$[ManY][ManX]$_{2}$,ManZ,CPLX-165,2.0
336,[ManZ]$_{2}$[ManY][ManX]$_{2}$,ManY,CPLX-165,1.0
337,[ManZ]$_{2}$[ManY][ManX]$_{2}$,ManX,CPLX-165,2.0
338,[MtlA]$_{2}$,MtlA,CPLX-166,2.0
339,[NagE]$_{2}$,NagE,CPLX-167,2.0
340,[TreB]$_{2}$[Crr],TreB,CPLX-168,2.0
341,[TreB]$_{2}$[Crr],Crr,CPLX-168,1.0
342,[SrlA][SrlB][SrlE],SrlA,CPLX-169,1.0
343,[SrlA][SrlB][SrlE],SrlB,CPLX-169,1.0
344,[SrlA][SrlB][SrlE],SrlE,CPLX-169,1.0
345,[AgaB][AgaC][AgaD],AgaB,CPLX-170,1.0
346,[AgaB][AgaC][AgaD],AgaC,CPLX-170,1.0
347,[AgaB][AgaC][AgaD],AgaD,CPLX-170,1.0
348,[Hyi]$_{2}$,Hyi,CPLX-171,2.0
349,[TusB]$_{2}$[TusC]$_{2}$[TusD]$_{2}$,TusB,CPLX-3942,2.0
350,[TusB]$_{2}$[TusC]$_{2}$[TusD]$_{2}$,TusC,CPLX-3942,2.0
351,[TusB]$_{2}$[TusC]$_{2}$[TusD]$_{2}$,TusD,CPLX-3942,2.0
352,[FecA][FecR],FecA,CPLX-3944,1.0
353,[FecA][FecR],FecR,CPLX-3944,1.0
354,[CsgE]$_{9}$[CsgG]$_{9}$,CsgE,CPLX-3945,9.0
355,[CsgE]$_{9}$[CsgG]$_{9}$,CsgG,CPLX-3945,9.0
356,[XseA][XseB]$_{4}$,XseA,CPLX-3946,1.0
357,[XseA][XseB]$_{4}$,XseB,CPLX-3946,4.0
358,[AllB]$_{4}$,AllB,CPLX-64,4.0
359,[ArsB]$_{2}$,ArsB,CPLX-7,2.0
360,[AppA]$_{2}$,AppA,CPLX-722,2.0
361,[AllC]$_{2}$,AllC,CPLX-7524,2.0
362,[MoaC]$_{6}$,MoaC,CPLX-8331,6.0
363,[KduI]$_{6}$,KduI,CPLX-8401,6.0
364,[PrpB]$_{4}$,PrpB,CPLX0-1021,4.0
365,[Tgt]$_{3}$,Tgt,CPLX0-1101,3.0
366,[RlmB]$_{2}$,RlmB,CPLX0-1121,2.0
367,[SelA]$_{10}$,SelA,CPLX0-1141,10.0
368,[Frc]$_{2}$,Frc,CPLX0-1142,2.0
369,[(HslU)$_{6}$]$_{2}$[(HslV)$_{6}$]$_{2}$,HslU,CPLX0-1163,24.0
370,[(HslU)$_{6}$]$_{2}$[(HslV)$_{6}$]$_{2}$,HslV,CPLX0-1163,24.0
371,[NudE]$_{2}$,NudE,CPLX0-1221,2.0
372,[(MazF)$_{2}$]$_{2}$[(MazE)$_{2}$],MazF,CPLX0-1242,4.0
373,[(MazF)$_{2}$]$_{2}$[(MazE)$_{2}$],MazE,CPLX0-1242,4.0
374,[TktB],TktB,CPLX0-1261,1.0
375,[KdsD]$_{4}$,KdsD,CPLX0-1262,4.0
376,(HflK)(HflC) (extended summary available),HflK,CPLX0-1321,1.0
377,(HflK)(HflC) (extended summary available),HflC,CPLX0-1321,1.0
378,[HflK][HflC],HflK,CPLX0-1321,1.0
379,[HflK][HflC],HflC,CPLX0-1321,1.0
380,[SufB][SufC]$_{2}$[SufD],SufB,CPLX0-1341,1.0
381,[SufB][SufC]$_{2}$[SufD],SufC,CPLX0-1341,2.0
382,[SufB][SufC]$_{2}$[SufD],SufD,CPLX0-1341,1.0
383,[YgeX]$_{2}$,YgeX,CPLX0-1401,2.0
384,[Bfr]$_{24}$,Bfr,CPLX0-1421,24.0
385,[Mtn]$_{2}$,Mtn,CPLX0-1541,2.0
386,[YnfE][YnfF][YnfG][YnfH],YnfE,CPLX0-1601,1.0
387,[YnfE][YnfF][YnfG][YnfH],YnfF,CPLX0-1601,1.0
388,[YnfE][YnfF][YnfG][YnfH],YnfG,CPLX0-1601,1.0
389,[YnfE][YnfF][YnfG][YnfH],YnfH,CPLX0-1601,1.0
390,[Rng]$_{2}$,Rng,CPLX0-1621,2.0
391,[FadI][FadJ],FadI,CPLX0-1668,1.0
392,[FadI][FadJ],FadJ,CPLX0-1668,1.0
393,[AdeD]$_{2}$,AdeD,CPLX0-1683,2.0
394,[CusC]$_{3}$[CusB]$_{6}$[CusF][CusA]$_{3}$,CusC,CPLX0-1721,3.0
395,[CusC]$_{3}$[CusB]$_{6}$[CusF][CusA]$_{3}$,CusB,CPLX0-1721,6.0
396,[CusC]$_{3}$[CusB]$_{6}$[CusF][CusA]$_{3}$,CusF,CPLX0-1721,1.0
397,[CusC]$_{3}$[CusB]$_{6}$[CusF][CusA]$_{3}$,CusA,CPLX0-1721,3.0
398,[PaaE][PaaA][PaaC][PaaB],PaaE,CPLX0-1762,1.0
399,[PaaE][PaaA][PaaC][PaaB],PaaA,CPLX0-1762,1.0
400,[PaaE][PaaA][PaaC][PaaB],PaaC,CPLX0-1762,1.0
401,[PaaE][PaaA][PaaC][PaaB],PaaB,CPLX0-1762,1.0
402,[Orn]$_{2}$,Orn,CPLX0-1821,2.0
403,[XdhD][YgfM],XdhD,CPLX0-1841,1.0
404,[XdhD][YgfM],YgfM,CPLX0-1841,1.0
405,(TonB)(ExbB)(ExbD) (extended summary available),TonB,CPLX0-1923,1.0
406,(TonB)(ExbB)(ExbD) (extended summary available),ExbB,CPLX0-1923,1.0
407,(TonB)(ExbB)(ExbD) (extended summary available),ExbD,CPLX0-1923,1.0
408,[TonB][ExbB][ExbD],TonB,CPLX0-1923,1.0
409,[TonB][ExbB][ExbD],ExbB,CPLX0-1923,1.0
410,[TonB][ExbB][ExbD],ExbD,CPLX0-1923,1.0
411,[BtuB][(TonB)(ExbB)(ExbD)],BtuB,CPLX0-1924,1.0
412,[BtuB][(TonB)(ExbB)(ExbD)],TonB,CPLX0-1924,1.0
413,[BtuB][(TonB)(ExbB)(ExbD)],ExbB,CPLX0-1924,1.0
414,[BtuB][(TonB)(ExbB)(ExbD)],ExbD,CPLX0-1924,1.0
415,[(TonB)(ExbB)(ExbD)][FepA],TonB,CPLX0-1941,1.0
416,[(TonB)(ExbB)(ExbD)][FepA],ExbB,CPLX0-1941,1.0
417,[(TonB)(ExbB)(ExbD)][FepA],ExbD,CPLX0-1941,1.0
418,[(TonB)(ExbB)(ExbD)][FepA],FepA,CPLX0-1941,1.0
419,[(TonB)(ExbB)(ExbD)][FhuA],TonB,CPLX0-1942,1.0
420,[(TonB)(ExbB)(ExbD)][FhuA],ExbB,CPLX0-1942,1.0
421,[(TonB)(ExbB)(ExbD)][FhuA],ExbD,CPLX0-1942,1.0
422,[(TonB)(ExbB)(ExbD)][FhuA],FhuA,CPLX0-1942,1.0
423,[FecA][(TonB)(ExbB)(ExbD)],FecA,CPLX0-1943,1.0
424,[FecA][(TonB)(ExbB)(ExbD)],TonB,CPLX0-1943,1.0
425,[FecA][(TonB)(ExbB)(ExbD)],ExbB,CPLX0-1943,1.0
426,[FecA][(TonB)(ExbB)(ExbD)],ExbD,CPLX0-1943,1.0
427,[YdfG]$_{4}$,YdfG,CPLX0-1962,4.0
428,[FsaA]$_{10}$,FsaA,CPLX0-201,10.0
429,[HupA][HupB],HupA,CPLX0-2021,1.0
430,[HupA][HupB],HupB,CPLX0-2021,1.0
431,[YiaK]$_{2}$,YiaK,CPLX0-2061,2.0
432,[DhaK]$_{2}$[DhaL]$_{2}$[(DhaM)$_{2}$],DhaK,CPLX0-2081,2.0
433,[DhaK]$_{2}$[DhaL]$_{2}$[(DhaM)$_{2}$],DhaL,CPLX0-2081,2.0
434,[DhaK]$_{2}$[DhaL]$_{2}$[(DhaM)$_{2}$],DhaM,CPLX0-2081,2.0
435,[(TolC)$_{3}$][EmrA][EmrB],TolC,CPLX0-2121,3.0
436,[(TolC)$_{3}$][EmrA][EmrB],EmrA,CPLX0-2121,1.0
437,[(TolC)$_{3}$][EmrA][EmrB],EmrB,CPLX0-2121,1.0
438,[(TolC)$_{3}$][AcrE]$_{6}$[AcrF]$_{3}$,TolC,CPLX0-2141,3.0
439,[(TolC)$_{3}$][AcrE]$_{6}$[AcrF]$_{3}$,AcrE,CPLX0-2141,6.0
440,[(TolC)$_{3}$][AcrE]$_{6}$[AcrF]$_{3}$,AcrF,CPLX0-2141,3.0
441,[(TolC)$_{3}$][EmrK][EmrY],TolC,CPLX0-2161,3.0
442,[(TolC)$_{3}$][EmrK][EmrY],EmrK,CPLX0-2161,1.0
443,[(TolC)$_{3}$][EmrK][EmrY],EmrY,CPLX0-2161,1.0
444,[Pal][TolA][TolB][TolR][TolQ],Pal,CPLX0-2201,1.0
445,[Pal][TolA][TolB][TolR][TolQ],TolA,CPLX0-2201,1.0
446,[Pal][TolA][TolB][TolR][TolQ],TolB,CPLX0-2201,1.0
447,[Pal][TolA][TolB][TolR][TolQ],TolR,CPLX0-2201,1.0
448,[Pal][TolA][TolB][TolR][TolQ],TolQ,CPLX0-2201,1.0
449,[(RpoA)$_{2}$(RpoC)(RpoB)][FecI],RpoA,CPLX0-221,1.0
450,[(RpoA)$_{2}$(RpoC)(RpoB)][FecI],RpoC,CPLX0-221,1.0
451,[(RpoA)$_{2}$(RpoC)(RpoB)][FecI],RpoB,CPLX0-221,1.0
452,[(RpoA)$_{2}$(RpoC)(RpoB)][FecI],FecI,CPLX0-221,1.0
453,[FliA][(RpoA)$_{2}$(RpoC)(RpoB)],FliA,CPLX0-222,1.0
454,[FliA][(RpoA)$_{2}$(RpoC)(RpoB)],RpoA,CPLX0-222,1.0
455,[FliA][(RpoA)$_{2}$(RpoC)(RpoB)],RpoC,CPLX0-222,1.0
456,[FliA][(RpoA)$_{2}$(RpoC)(RpoB)],RpoB,CPLX0-222,1.0
457,[SsuE]$_{2}$,SsuE,CPLX0-224,2.0
458,[SsuD]$_{4}$,SsuD,CPLX0-225,4.0
459,[TauD]$_{4}$,TauD,CPLX0-227,4.0
460,[NrdG]$_{2}$,NrdG,CPLX0-229,2.0
461,[AceK]$_{2}$,AceK,CPLX0-230,2.0
462,[GatC]$_{2}$[GatB][GatA],GatC,CPLX0-231,2.0
463,[GatC]$_{2}$[GatB][GatA],GatB,CPLX0-231,1.0
464,[GatC]$_{2}$[GatB][GatA],GatA,CPLX0-231,1.0
465,[IspD]$_{2}$,IspD,CPLX0-234,2.0
466,[multifunctional] GhrB]$_{2}$,GhrB,CPLX0-235,2.0
467,[NhoA]$_{2}$,NhoA,CPLX0-236,2.0
468,(DnaE)(DnaQ)(HolE) (summary available),DnaE,CPLX0-2361,1.0
469,(DnaE)(DnaQ)(HolE) (summary available),DnaQ,CPLX0-2361,1.0
470,(DnaE)(DnaQ)(HolE) (summary available),HolE,CPLX0-2361,1.0
471,[DnaE][DnaQ][HolE],DnaE,CPLX0-2361,1.0
472,[DnaE][DnaQ][HolE],DnaQ,CPLX0-2361,1.0
473,[DnaE][DnaQ][HolE],HolE,CPLX0-2361,1.0
474,[CysE]$_{6}$,CysE,CPLX0-237,6.0
475,[ArgG]$_{4}$,ArgG,CPLX0-238,4.0
476,[(Ppk)$_{2}$][(Rne)$_{4}$][(RhlB)$_{2}$][(Pnp)$_{3}$][(Eno)$_{2}$],Ppk,CPLX0-2381,2.0
477,[(Ppk)$_{2}$][(Rne)$_{4}$][(RhlB)$_{2}$][(Pnp)$_{3}$][(Eno)$_{2}$],Rne,CPLX0-2381,4.0
478,[(Ppk)$_{2}$][(Rne)$_{4}$][(RhlB)$_{2}$][(Pnp)$_{3}$][(Eno)$_{2}$],RhlB,CPLX0-2381,2.0
479,[(Ppk)$_{2}$][(Rne)$_{4}$][(RhlB)$_{2}$][(Pnp)$_{3}$][(Eno)$_{2}$],Pnp,CPLX0-2381,3.0
480,[(Ppk)$_{2}$][(Rne)$_{4}$][(RhlB)$_{2}$][(Pnp)$_{3}$][(Eno)$_{2}$],Eno,CPLX0-2381,2.0
481,[KbaY]$_{4}$[KbaZ],KbaY,CPLX0-240,4.0
482,[KbaY]$_{4}$[KbaZ],KbaZ,CPLX0-240,1.0
483,[TrpB]$_{2}$,TrpB,CPLX0-2401,2.0
484,[GatY][GatZ],GatY,CPLX0-241,1.0
485,[GatY][GatZ],GatZ,CPLX0-241,1.0
486,[GlpE]$_{2}$,GlpE,CPLX0-242,2.0
487,[ParE]$_{2}$[(ParC)$_{2}$],ParE,CPLX0-2424,2.0
488,[ParE]$_{2}$[(ParC)$_{2}$],ParC,CPLX0-2424,2.0
489,[GyrA]$_{2}$[GyrB]$_{2}$,GyrA,CPLX0-2425,2.0
490,[GyrA]$_{2}$[GyrB]$_{2}$,GyrB,CPLX0-2425,2.0
491,[Ppa]$_{6}$,Ppa,CPLX0-243,6.0
492,[NfsA]$_{2}$,NfsA,CPLX0-244,2.0
493,[AhpC]$_{10}$[AhpF]$_{2}$,AhpC,CPLX0-245,10.0
494,[AhpC]$_{10}$[AhpF]$_{2}$,AhpF,CPLX0-245,2.0
495,[SufS]$_{2}$,SufS,CPLX0-246,2.0
496,[IscS]$_{2}$,IscS,CPLX0-248,2.0
497,[HyfG][HyfI][HyfA][HyfB][HyfC][HyfD][HyfE][HyfF][HyfH],HyfG,CPLX0-250,1.0
498,[HyfG][HyfI][HyfA][HyfB][HyfC][HyfD][HyfE][HyfF][HyfH],HyfI,CPLX0-250,1.0
499,[HyfG][HyfI][HyfA][HyfB][HyfC][HyfD][HyfE][HyfF][HyfH],HyfA,CPLX0-250,1.0
500,[HyfG][HyfI][HyfA][HyfB][HyfC][HyfD][HyfE][HyfF][HyfH],HyfB,CPLX0-250,1.0
501,[HyfG][HyfI][HyfA][HyfB][HyfC][HyfD][HyfE][HyfF][HyfH],HyfC,CPLX0-250,1.0
502,[HyfG][HyfI][HyfA][HyfB][HyfC][HyfD][HyfE][HyfF][HyfH],HyfD,CPLX0-250,1.0
503,[HyfG][HyfI][HyfA][HyfB][HyfC][HyfD][HyfE][HyfF][HyfH],HyfE,CPLX0-250,1.0
504,[HyfG][HyfI][HyfA][HyfB][HyfC][HyfD][HyfE][HyfF][HyfH],HyfF,CPLX0-250,1.0
505,[HyfG][HyfI][HyfA][HyfB][HyfC][HyfD][HyfE][HyfF][HyfH],HyfH,CPLX0-250,1.0
506,[MoaD]$_{2}$[MoaE]$_{2}$,MoaD,CPLX0-2502,2.0
507,[MoaD]$_{2}$[MoaE]$_{2}$,MoaE,CPLX0-2502,2.0
508,[PrpC]$_{2}$,PrpC,CPLX0-251,2.0
509,[MdaB]$_{2}$,MdaB,CPLX0-253,2.0
510,[ScpB]$_{6}$,ScpB,CPLX0-254,6.0
511,[HyuA]$_{4}$,HyuA,CPLX0-255,4.0
512,[(MukB)$_{2}$][(MukE)$_{4}$([MukF]$_{2}$)],MukB,CPLX0-2561,2.0
513,[(MukB)$_{2}$][(MukE)$_{4}$([MukF]$_{2}$)],MukE,CPLX0-2561,4.0
514,[(MukB)$_{2}$][(MukE)$_{4}$([MukF]$_{2}$)],MukF,CPLX0-2561,2.0
515,[IaaA]$_{2}$[IaaA]$_{2}$,IaaA,CPLX0-263,4.0
516,[IaaA]$_{2}$[IaaA]$_{2}$,IaaA,CPLX0-263,4.0
517,[McrB][McrC],McrB,CPLX0-2661,1.0
518,[McrB][McrC],McrC,CPLX0-2661,1.0
519,[Lon]$_{6}$,Lon,CPLX0-2881,6.0
520,[PanD]$_{4}$[PanD]$_{4}$,PanD,CPLX0-2901,16.0
521,[PanD]$_{4}$[PanD]$_{4}$,PanD,CPLX0-2901,16.0
522,[DegP]$_{12}$,DegP,CPLX0-2921,12.0
523,[SppA]$_{4}$,SppA,CPLX0-2941,4.0
524,[(HflK)(HflC)]$_{6}$[FtsH]$_{6}$,HflK,CPLX0-2982,1.0
525,[(HflK)(HflC)]$_{6}$[FtsH]$_{6}$,HflC,CPLX0-2982,6.0
526,[(HflK)(HflC)]$_{6}$[FtsH]$_{6}$,FtsH,CPLX0-2982,6.0
527,[PepD]$_{2}$,PepD,CPLX0-3001,2.0
528,[UbiD]$_{6}$,UbiD,CPLX0-301,6.0
529,[IadA]$_{8}$,IadA,CPLX0-3021,8.0
530,[GlpX]$_{2}$,GlpX,CPLX0-303,2.0
531,[PepT]$_{2}$,PepT,CPLX0-3041,2.0
532,[PepA]$_{6}$,PepA,CPLX0-3061,6.0
533,[PepP]$_{4}$,PepP,CPLX0-3081,4.0
534,[ClpP]$_{14}$,ClpP,CPLX0-3101,14.0
535,[(ClpP)$_{14}$][(ClpA)$_{6}$]$_{2}$,ClpP,CPLX0-3104,28.0
536,[(ClpP)$_{14}$][(ClpA)$_{6}$]$_{2}$,ClpA,CPLX0-3104,12.0
537,[(ClpP)$_{14}$][(ClpX)$_{6}$]$_{2}$,ClpP,CPLX0-3107,28.0
538,[(ClpP)$_{14}$][(ClpX)$_{6}$]$_{2}$,ClpX,CPLX0-3107,12.0
539,[(ClpP)$_{14}$][(ClpA)$_{6}$][(ClpX)$_{6}$],ClpP,CPLX0-3108,14.0
540,[(ClpP)$_{14}$][(ClpA)$_{6}$][(ClpX)$_{6}$],ClpA,CPLX0-3108,6.0
541,[(ClpP)$_{14}$][(ClpA)$_{6}$][(ClpX)$_{6}$],ClpX,CPLX0-3108,6.0
542,[YieF]$_{2}$,YieF,CPLX0-3121,2.0
543,[DapE]$_{2}$,DapE,CPLX0-3161,2.0
544,[DapD]$_{2}$,DapD,CPLX0-3181,2.0
545,[MepA]$_{2}$,MepA,CPLX0-3201,2.0
546,[PdxJ]$_{8}$,PdxJ,CPLX0-321,8.0
547,[Gsk]$_{2}$,Gsk,CPLX0-322,2.0
548,[NapG][NapH],NapG,CPLX0-3241,1.0
549,[NapG][NapH],NapH,CPLX0-3241,1.0
550,[Rnc]$_{2}$,Rnc,CPLX0-3281,2.0
551,[CcmE][CcmF][CcmG][CcmH],CcmE,CPLX0-3323,1.0
552,[CcmE][CcmF][CcmG][CcmH],CcmF,CPLX0-3323,1.0
553,[CcmE][CcmF][CcmG][CcmH],CcmG,CPLX0-3323,1.0
554,[CcmE][CcmF][CcmG][CcmH],CcmH,CPLX0-3323,1.0
555,(NuoB)(NuoC)(NuoE)(NuoF)(NuoG)(NuoI) (summary available),NuoB,CPLX0-3361,1.0
556,(NuoB)(NuoC)(NuoE)(NuoF)(NuoG)(NuoI) (summary available),NuoC,CPLX0-3361,1.0
557,(NuoB)(NuoC)(NuoE)(NuoF)(NuoG)(NuoI) (summary available),NuoE,CPLX0-3361,1.0
558,(NuoB)(NuoC)(NuoE)(NuoF)(NuoG)(NuoI) (summary available),NuoF,CPLX0-3361,1.0
559,(NuoB)(NuoC)(NuoE)(NuoF)(NuoG)(NuoI) (summary available),NuoG,CPLX0-3361,1.0
560,(NuoB)(NuoC)(NuoE)(NuoF)(NuoG)(NuoI) (summary available),NuoI,CPLX0-3361,1.0
561,[NuoB][NuoC][NuoE][NuoF][NuoG][NuoI],NuoB,CPLX0-3361,1.0
562,[NuoB][NuoC][NuoE][NuoF][NuoG][NuoI],NuoC,CPLX0-3361,1.0
563,[NuoB][NuoC][NuoE][NuoF][NuoG][NuoI],NuoE,CPLX0-3361,1.0
564,[NuoB][NuoC][NuoE][NuoF][NuoG][NuoI],NuoF,CPLX0-3361,1.0
565,[NuoB][NuoC][NuoE][NuoF][NuoG][NuoI],NuoG,CPLX0-3361,1.0
566,[NuoB][NuoC][NuoE][NuoF][NuoG][NuoI],NuoI,CPLX0-3361,1.0
567,[GspC][GspD][GspE][GspF][GspG][GspH][GspI][GspJ][GspK][GspL][GspM][GspO],GspC,CPLX0-3382,1.0
568,[GspC][GspD][GspE][GspF][GspG][GspH][GspI][GspJ][GspK][GspL][GspM][GspO],GspD,CPLX0-3382,1.0
569,[GspC][GspD][GspE][GspF][GspG][GspH][GspI][GspJ][GspK][GspL][GspM][GspO],GspE,CPLX0-3382,1.0
570,[GspC][GspD][GspE][GspF][GspG][GspH][GspI][GspJ][GspK][GspL][GspM][GspO],GspF,CPLX0-3382,1.0
571,[GspC][GspD][GspE][GspF][GspG][GspH][GspI][GspJ][GspK][GspL][GspM][GspO],GspG,CPLX0-3382,1.0
572,[GspC][GspD][GspE][GspF][GspG][GspH][GspI][GspJ][GspK][GspL][GspM][GspO],GspH,CPLX0-3382,1.0
573,[GspC][GspD][GspE][GspF][GspG][GspH][GspI][GspJ][GspK][GspL][GspM][GspO],GspI,CPLX0-3382,1.0
574,[GspC][GspD][GspE][GspF][GspG][GspH][GspI][GspJ][GspK][GspL][GspM][GspO],GspJ,CPLX0-3382,1.0
575,[GspC][GspD][GspE][GspF][GspG][GspH][GspI][GspJ][GspK][GspL][GspM][GspO],GspK,CPLX0-3382,1.0
576,[GspC][GspD][GspE][GspF][GspG][GspH][GspI][GspJ][GspK][GspL][GspM][GspO],GspL,CPLX0-3382,1.0
577,[GspC][GspD][GspE][GspF][GspG][GspH][GspI][GspJ][GspK][GspL][GspM][GspO],GspM,CPLX0-3382,1.0
578,[GspC][GspD][GspE][GspF][GspG][GspH][GspI][GspJ][GspK][GspL][GspM][GspO],GspO,CPLX0-3382,1.0
579,[FimA][FimF][FimG][FimH],FimA,CPLX0-3401,1.0
580,[FimA][FimF][FimG][FimH],FimF,CPLX0-3401,1.0
581,[FimA][FimF][FimG][FimH],FimG,CPLX0-3401,1.0
582,[FimA][FimF][FimG][FimH],FimH,CPLX0-3401,1.0
583,[Dfp]$_{12}$,Dfp,CPLX0-341,12.0
584,[Rne]$_{4}$,Rne,CPLX0-3461,4.0
585,[AldB]$_{4}$,AldB,CPLX0-3482,4.0
586,[QueF]$_{2}$,QueF,CPLX0-3501,2.0
587,[Pnp]$_{3}$,Pnp,CPLX0-3521,3.0
588,[RhlB]$_{2}$,RhlB,CPLX0-3541,2.0
589,[Dtd]$_{2}$,Dtd,CPLX0-3581,2.0
590,[Rbn]$_{2}$,Rbn,CPLX0-3601,2.0
591,[Rnt]$_{2}$,Rnt,CPLX0-3602,2.0
592,[DnaB]$_{6}$,DnaB,CPLX0-3621,6.0
593,[PatD]$_{4}$,PatD,CPLX0-3641,4.0
594,[HldE]$_{2}$,HldE,CPLX0-3661,2.0
595,[RfaD]$_{5}$,RfaD,CPLX0-3681,5.0
596,[NudF]$_{2}$,NudF,CPLX0-3721,2.0
597,[HemA]$_{2}$,HemA,CPLX0-3741,2.0
598,[YoeB][YefM]$_{2}$,YoeB,CPLX0-3781,1.0
599,[YoeB][YefM]$_{2}$,YefM,CPLX0-3781,2.0
600,(DnaX)$_{3}$(HolB)(HolA) (extended summary available),DnaX,CPLX0-3801,1.0
601,(DnaX)$_{3}$(HolB)(HolA) (extended summary available),HolB,CPLX0-3801,1.0
602,(DnaX)$_{3}$(HolB)(HolA) (extended summary available),HolA,CPLX0-3801,1.0
603,[DnaX]$_{3}$[HolB][HolA],DnaX,CPLX0-3801,3.0
604,[DnaX]$_{3}$[HolB][HolA],HolB,CPLX0-3801,1.0
605,[DnaX]$_{3}$[HolB][HolA],HolA,CPLX0-3801,1.0
606,[(DnaE)(DnaQ)(HolE)]$_{3}$[(DnaX)$_{3}$(HolB)(HolA)][(DnaN)$_{2}$]$_{2}$[(DnaX)$_{2}$][(HolC)(HolD)]$_{4}$,DnaE,CPLX0-3803,1.0
607,[(DnaE)(DnaQ)(HolE)]$_{3}$[(DnaX)$_{3}$(HolB)(HolA)][(DnaN)$_{2}$]$_{2}$[(DnaX)$_{2}$][(HolC)(HolD)]$_{4}$,DnaQ,CPLX0-3803,1.0
608,[(DnaE)(DnaQ)(HolE)]$_{3}$[(DnaX)$_{3}$(HolB)(HolA)][(DnaN)$_{2}$]$_{2}$[(DnaX)$_{2}$][(HolC)(HolD)]$_{4}$,HolE,CPLX0-3803,1.0
609,[(DnaE)(DnaQ)(HolE)]$_{3}$[(DnaX)$_{3}$(HolB)(HolA)][(DnaN)$_{2}$]$_{2}$[(DnaX)$_{2}$][(HolC)(HolD)]$_{4}$,DnaX,CPLX0-3803,2.0
610,[(DnaE)(DnaQ)(HolE)]$_{3}$[(DnaX)$_{3}$(HolB)(HolA)][(DnaN)$_{2}$]$_{2}$[(DnaX)$_{2}$][(HolC)(HolD)]$_{4}$,HolB,CPLX0-3803,1.0
611,[(DnaE)(DnaQ)(HolE)]$_{3}$[(DnaX)$_{3}$(HolB)(HolA)][(DnaN)$_{2}$]$_{2}$[(DnaX)$_{2}$][(HolC)(HolD)]$_{4}$,HolA,CPLX0-3803,1.0
612,[(DnaE)(DnaQ)(HolE)]$_{3}$[(DnaX)$_{3}$(HolB)(HolA)][(DnaN)$_{2}$]$_{2}$[(DnaX)$_{2}$][(HolC)(HolD)]$_{4}$,DnaN,CPLX0-3803,2.0
613,[(DnaE)(DnaQ)(HolE)]$_{3}$[(DnaX)$_{3}$(HolB)(HolA)][(DnaN)$_{2}$]$_{2}$[(DnaX)$_{2}$][(HolC)(HolD)]$_{4}$,DnaX,CPLX0-3803,2.0
614,[(DnaE)(DnaQ)(HolE)]$_{3}$[(DnaX)$_{3}$(HolB)(HolA)][(DnaN)$_{2}$]$_{2}$[(DnaX)$_{2}$][(HolC)(HolD)]$_{4}$,HolC,CPLX0-3803,2.0
615,[(DnaE)(DnaQ)(HolE)]$_{3}$[(DnaX)$_{3}$(HolB)(HolA)][(DnaN)$_{2}$]$_{2}$[(DnaX)$_{2}$][(HolC)(HolD)]$_{4}$,HolD,CPLX0-3803,8.0
616,[HypA][HypB],HypA,CPLX0-3821,1.0
617,[HypA][HypB],HypB,CPLX0-3821,1.0
618,[IspE]$_{2}$,IspE,CPLX0-3841,2.0
619,[FrlC]$_{8}$,FrlC,CPLX0-3861,8.0
620,[Fcl]$_{2}$,Fcl,CPLX0-3881,2.0
621,[YicI]$_{6}$,YicI,CPLX0-3901,6.0
622,[(DnaB)$_{6}$][(DnaT)$_{3}$][(PriB)$_{2}$][PriA][PriC][DnaG],DnaB,CPLX0-3922,6.0
623,[(DnaB)$_{6}$][(DnaT)$_{3}$][(PriB)$_{2}$][PriA][PriC][DnaG],DnaT,CPLX0-3922,3.0
624,[(DnaB)$_{6}$][(DnaT)$_{3}$][(PriB)$_{2}$][PriA][PriC][DnaG],PriB,CPLX0-3922,2.0
625,[(DnaB)$_{6}$][(DnaT)$_{3}$][(PriB)$_{2}$][PriA][PriC][DnaG],PriA,CPLX0-3922,1.0
626,[(DnaB)$_{6}$][(DnaT)$_{3}$][(PriB)$_{2}$][PriA][PriC][DnaG],PriC,CPLX0-3922,1.0
627,[(DnaB)$_{6}$][(DnaT)$_{3}$][(PriB)$_{2}$][PriA][PriC][DnaG],DnaG,CPLX0-3922,1.0
628,[UmuC][UmuD]$_{2}$,UmuC,CPLX0-3925,1.0
629,[UmuC][UmuD]$_{2}$,UmuD,CPLX0-3925,2.0
630,[RavA]$_{6}$,RavA,CPLX0-3927,6.0
631,[GutQ]$_{4}$,GutQ,CPLX0-3929,4.0
632,[FlhD]$_{4}$[FlhC]$_{2}$,FlhD,CPLX0-3930,4.0
633,[FlhD]$_{4}$[FlhC]$_{2}$,FlhC,CPLX0-3930,2.0
634,[Rep]$_{2}$,Rep,CPLX0-3931,2.0
635,[(TolC)$_{3}$][AcrD]$_{3}$[AcrA]$_{6}$,TolC,CPLX0-3932,3.0
636,[(TolC)$_{3}$][AcrD]$_{3}$[AcrA]$_{6}$,AcrD,CPLX0-3932,3.0
637,[(TolC)$_{3}$][AcrD]$_{3}$[AcrA]$_{6}$,AcrA,CPLX0-3932,6.0
638,[BamE][BamC][BamD][BamA][BamB],BamE,CPLX0-3933,1.0
639,[BamE][BamC][BamD][BamA][BamB],BamC,CPLX0-3933,1.0
640,[BamE][BamC][BamD][BamA][BamB],BamD,CPLX0-3933,1.0
641,[BamE][BamC][BamD][BamA][BamB],BamA,CPLX0-3933,1.0
642,[BamE][BamC][BamD][BamA][BamB],BamB,CPLX0-3933,1.0
643,[GroL]$_{14}$[GroS]$_{14}$,GroL,CPLX0-3934,14.0
644,[GroL]$_{14}$[GroS]$_{14}$,GroS,CPLX0-3934,14.0
645,[FolB]$_{8}$,FolB,CPLX0-3936,8.0
646,[EbgA]$_{4}$[EbgC]$_{4}$,EbgA,CPLX0-3937,4.0
647,[EbgA]$_{4}$[EbgC]$_{4}$,EbgC,CPLX0-3937,4.0
648,[PaaI]$_{4}$,PaaI,CPLX0-3941,4.0
649,[PuuD]$_{2}$,PuuD,CPLX0-3943,2.0
650,[YjjX]$_{2}$,YjjX,CPLX0-3948,2.0
651,[ThiG]$_{6}$[ThiH]$_{6}$,ThiG,CPLX0-3949,6.0
652,[ThiG]$_{6}$[ThiH]$_{6}$,ThiH,CPLX0-3949,6.0
653,[TrmD]$_{2}$,TrmD,CPLX0-3950,2.0
654,[RibC]$_{3}$,RibC,CPLX0-3952,3.0
655,[YeiG]$_{4}$,YeiG,CPLX0-3954,4.0
656,(RplJ)([RplL]$_{2}$)$_{2}$ (summary available),RplJ,CPLX0-3956,1.0
657,(RplJ)([RplL]$_{2}$)$_{2}$ (summary available),RplL,CPLX0-3956,2.0
658,[RplJ][(RplL)$_{2}$]$_{2}$,RplJ,CPLX0-3956,2.0
659,[RplJ][(RplL)$_{2}$]$_{2}$,RplL,CPLX0-3956,4.0
660,[SbcC][SbcD]$_{2}$,SbcC,CPLX0-3957,1.0
661,[SbcC][SbcD]$_{2}$,SbcD,CPLX0-3957,2.0
662,[HsdM]$_{2}$[HsdR]$_{2}$[HsdS],HsdM,CPLX0-3958,2.0
663,[HsdM]$_{2}$[HsdR]$_{2}$[HsdS],HsdR,CPLX0-3958,2.0
664,[HsdM]$_{2}$[HsdR]$_{2}$[HsdS],HsdS,CPLX0-3958,1.0
665,[XerC][XerD],XerC,CPLX0-3959,1.0
666,[XerC][XerD],XerD,CPLX0-3959,1.0
667,[HiuH]$_{4}$,HiuH,CPLX0-3961,4.0
668,[FtnA]$_{24}$,FtnA,CPLX0-3969,24.0
669,[OppB][OppC][OppD][OppF][MppA],OppB,CPLX0-3970,1.0
670,[OppB][OppC][OppD][OppF][MppA],OppC,CPLX0-3970,1.0
671,[OppB][OppC][OppD][OppF][MppA],OppD,CPLX0-3970,1.0
672,[OppB][OppC][OppD][OppF][MppA],OppF,CPLX0-3970,1.0
673,[OppB][OppC][OppD][OppF][MppA],MppA,CPLX0-3970,1.0
674,[NudK]$_{2}$,NudK,CPLX0-3971,2.0
675,[WzxE][WzyE][WzzE],WzxE,CPLX0-3976,1.0
676,[WzxE][WzyE][WzzE],WzyE,CPLX0-3976,1.0
677,[WzxE][WzyE][WzzE],WzzE,CPLX0-3976,1.0
678,[AaeA][AaeB],AaeA,CPLX0-4,1.0
679,[AaeA][AaeB],AaeB,CPLX0-4,1.0
680,[NadK]$_{6}$,NadK,CPLX0-682,6.0
681,[MurP][Crr],MurP,CPLX0-7,1.0
682,[MurP][Crr],Crr,CPLX0-7,1.0
683,[IspF]$_{3}$,IspF,CPLX0-721,3.0
684,[LpxB]$_{2}$,LpxB,CPLX0-7415,2.0
685,[TrmJ]$_{2}$,TrmJ,CPLX0-7420,2.0
686,[TrmL]$_{2}$,TrmL,CPLX0-7421,2.0
687,[RlmH]$_{2}$,RlmH,CPLX0-7423,2.0
688,[(HipB)$_{2}$][HipA],HipB,CPLX0-7425,2.0
689,[(HipB)$_{2}$][HipA],HipA,CPLX0-7425,1.0
690,[IspB]$_{2}$,IspB,CPLX0-7426,2.0
691,[Dxs]$_{2}$,Dxs,CPLX0-743,2.0
692,(FliG)$_{26}$(FliM)$_{34}$(FliN) (extended summary available),FliG,CPLX0-7450,1.0
693,(FliG)$_{26}$(FliM)$_{34}$(FliN) (extended summary available),FliM,CPLX0-7450,1.0
694,(FliG)$_{26}$(FliM)$_{34}$(FliN) (extended summary available),FliN,CPLX0-7450,1.0
695,[FliG]$_{26}$[FliM]$_{34}$[FliN],FliG,CPLX0-7450,26.0
696,[FliG]$_{26}$[FliM]$_{34}$[FliN],FliM,CPLX0-7450,34.0
697,[FliG]$_{26}$[FliM]$_{34}$[FliN],FliN,CPLX0-7450,1.0
698,(FlhA)(FlhB)(FliO)(FliP)(FliQ)(FliR)(FliH)$_{12}$(FliI)$_{6}$(FliJ) (extended summary available),FlhA,CPLX0-7451,1.0
699,(FlhA)(FlhB)(FliO)(FliP)(FliQ)(FliR)(FliH)$_{12}$(FliI)$_{6}$(FliJ) (extended summary available),FlhB,CPLX0-7451,1.0
700,(FlhA)(FlhB)(FliO)(FliP)(FliQ)(FliR)(FliH)$_{12}$(FliI)$_{6}$(FliJ) (extended summary available),FliO,CPLX0-7451,1.0
701,(FlhA)(FlhB)(FliO)(FliP)(FliQ)(FliR)(FliH)$_{12}$(FliI)$_{6}$(FliJ) (extended summary available),FliP,CPLX0-7451,1.0
702,(FlhA)(FlhB)(FliO)(FliP)(FliQ)(FliR)(FliH)$_{12}$(FliI)$_{6}$(FliJ) (extended summary available),FliQ,CPLX0-7451,1.0
703,(FlhA)(FlhB)(FliO)(FliP)(FliQ)(FliR)(FliH)$_{12}$(FliI)$_{6}$(FliJ) (extended summary available),FliR,CPLX0-7451,1.0
704,(FlhA)(FlhB)(FliO)(FliP)(FliQ)(FliR)(FliH)$_{12}$(FliI)$_{6}$(FliJ) (extended summary available),FliH,CPLX0-7451,1.0
705,(FlhA)(FlhB)(FliO)(FliP)(FliQ)(FliR)(FliH)$_{12}$(FliI)$_{6}$(FliJ) (extended summary available),FliI,CPLX0-7451,1.0
706,(FlhA)(FlhB)(FliO)(FliP)(FliQ)(FliR)(FliH)$_{12}$(FliI)$_{6}$(FliJ) (extended summary available),FliJ,CPLX0-7451,1.0
707,[FlhA][FlhB][FliO][FliP][FliQ][FliR][FliH]$_{12}$[FliI]$_{6}$[FliJ],FlhA,CPLX0-7451,1.0
708,[FlhA][FlhB][FliO][FliP][FliQ][FliR][FliH]$_{12}$[FliI]$_{6}$[FliJ],FlhB,CPLX0-7451,1.0
709,[FlhA][FlhB][FliO][FliP][FliQ][FliR][FliH]$_{12}$[FliI]$_{6}$[FliJ],FliO,CPLX0-7451,1.0
710,[FlhA][FlhB][FliO][FliP][FliQ][FliR][FliH]$_{12}$[FliI]$_{6}$[FliJ],FliP,CPLX0-7451,1.0
711,[FlhA][FlhB][FliO][FliP][FliQ][FliR][FliH]$_{12}$[FliI]$_{6}$[FliJ],FliQ,CPLX0-7451,1.0
712,[FlhA][FlhB][FliO][FliP][FliQ][FliR][FliH]$_{12}$[FliI]$_{6}$[FliJ],FliR,CPLX0-7451,1.0
713,[FlhA][FlhB][FliO][FliP][FliQ][FliR][FliH]$_{12}$[FliI]$_{6}$[FliJ],FliH,CPLX0-7451,12.0
714,[FlhA][FlhB][FliO][FliP][FliQ][FliR][FliH]$_{12}$[FliI]$_{6}$[FliJ],FliI,CPLX0-7451,6.0
715,[FlhA][FlhB][FliO][FliP][FliQ][FliR][FliH]$_{12}$[FliI]$_{6}$[FliJ],FliJ,CPLX0-7451,1.0
716,[([FliG]$_{26}$[FliM]$_{34}$[FliN])(FlgH)(MotA)(MotB)(FlgB)(FlgC)(FlgF)(FlgG)(FlgI)(FliF)(FliE)(FliL)$_{2}$][(FlhA)(FlhB)(FliO)(FliP)(FliQ)(FliR)(FliH)$_{12}$(FliI)$_{6}$(FliJ)][FlgE]$_{120}$[FlgK][FlgL][FliC][FliD]$_{5}$,FliG,CPLX0-7452,0.0
717,[([FliG]$_{26}$[FliM]$_{34}$[FliN])(FlgH)(MotA)(MotB)(FlgB)(FlgC)(FlgF)(FlgG)(FlgI)(FliF)(FliE)(FliL)$_{2}$][(FlhA)(FlhB)(FliO)(FliP)(FliQ)(FliR)(FliH)$_{12}$(FliI)$_{6}$(FliJ)][FlgE]$_{120}$[FlgK][FlgL][FliC][FliD]$_{5}$,FliM,CPLX0-7452,0.0
718,[([FliG]$_{26}$[FliM]$_{34}$[FliN])(FlgH)(MotA)(MotB)(FlgB)(FlgC)(FlgF)(FlgG)(FlgI)(FliF)(FliE)(FliL)$_{2}$][(FlhA)(FlhB)(FliO)(FliP)(FliQ)(FliR)(FliH)$_{12}$(FliI)$_{6}$(FliJ)][FlgE]$_{120}$[FlgK][FlgL][FliC][FliD]$_{5}$,FliN,CPLX0-7452,0.0
719,[([FliG]$_{26}$[FliM]$_{34}$[FliN])(FlgH)(MotA)(MotB)(FlgB)(FlgC)(FlgF)(FlgG)(FlgI)(FliF)(FliE)(FliL)$_{2}$][(FlhA)(FlhB)(FliO)(FliP)(FliQ)(FliR)(FliH)$_{12}$(FliI)$_{6}$(FliJ)][FlgE]$_{120}$[FlgK][FlgL][FliC][FliD]$_{5}$,FlgH,CPLX0-7452,0.0
720,[([FliG]$_{26}$[FliM]$_{34}$[FliN])(FlgH)(MotA)(MotB)(FlgB)(FlgC)(FlgF)(FlgG)(FlgI)(FliF)(FliE)(FliL)$_{2}$][(FlhA)(FlhB)(FliO)(FliP)(FliQ)(FliR)(FliH)$_{12}$(FliI)$_{6}$(FliJ)][FlgE]$_{120}$[FlgK][FlgL][FliC][FliD]$_{5}$,MotA,CPLX0-7452,0.0
721,[([FliG]$_{26}$[FliM]$_{34}$[FliN])(FlgH)(MotA)(MotB)(FlgB)(FlgC)(FlgF)(FlgG)(FlgI)(FliF)(FliE)(FliL)$_{2}$][(FlhA)(FlhB)(FliO)(FliP)(FliQ)(FliR)(FliH)$_{12}$(FliI)$_{6}$(FliJ)][FlgE]$_{120}$[FlgK][FlgL][FliC][FliD]$_{5}$,MotB,CPLX0-7452,0.0
722,[([FliG]$_{26}$[FliM]$_{34}$[FliN])(FlgH)(MotA)(MotB)(FlgB)(FlgC)(FlgF)(FlgG)(FlgI)(FliF)(FliE)(FliL)$_{2}$][(FlhA)(FlhB)(FliO)(FliP)(FliQ)(FliR)(FliH)$_{12}$(FliI)$_{6}$(FliJ)][FlgE]$_{120}$[FlgK][FlgL][FliC][FliD]$_{5}$,FlgB,CPLX0-7452,0.0
723,[([FliG]$_{26}$[FliM]$_{34}$[FliN])(FlgH)(MotA)(MotB)(FlgB)(FlgC)(FlgF)(FlgG)(FlgI)(FliF)(FliE)(FliL)$_{2}$][(FlhA)(FlhB)(FliO)(FliP)(FliQ)(FliR)(FliH)$_{12}$(FliI)$_{6}$(FliJ)][FlgE]$_{120}$[FlgK][FlgL][FliC][FliD]$_{5}$,FlgC,CPLX0-7452,0.0
724,[([FliG]$_{26}$[FliM]$_{34}$[FliN])(FlgH)(MotA)(MotB)(FlgB)(FlgC)(FlgF)(FlgG)(FlgI)(FliF)(FliE)(FliL)$_{2}$][(FlhA)(FlhB)(FliO)(FliP)(FliQ)(FliR)(FliH)$_{12}$(FliI)$_{6}$(FliJ)][FlgE]$_{120}$[FlgK][FlgL][FliC][FliD]$_{5}$,FlgF,CPLX0-7452,0.0
725,[([FliG]$_{26}$[FliM]$_{34}$[FliN])(FlgH)(MotA)(MotB)(FlgB)(FlgC)(FlgF)(FlgG)(FlgI)(FliF)(FliE)(FliL)$_{2}$][(FlhA)(FlhB)(FliO)(FliP)(FliQ)(FliR)(FliH)$_{12}$(FliI)$_{6}$(FliJ)][FlgE]$_{120}$[FlgK][FlgL][FliC][FliD]$_{5}$,FlgG,CPLX0-7452,0.0
726,[([FliG]$_{26}$[FliM]$_{34}$[FliN])(FlgH)(MotA)(MotB)(FlgB)(FlgC)(FlgF)(FlgG)(FlgI)(FliF)(FliE)(FliL)$_{2}$][(FlhA)(FlhB)(FliO)(FliP)(FliQ)(FliR)(FliH)$_{12}$(FliI)$_{6}$(FliJ)][FlgE]$_{120}$[FlgK][FlgL][FliC][FliD]$_{5}$,FlgI,CPLX0-7452,0.0
727,[([FliG]$_{26}$[FliM]$_{34}$[FliN])(FlgH)(MotA)(MotB)(FlgB)(FlgC)(FlgF)(FlgG)(FlgI)(FliF)(FliE)(FliL)$_{2}$][(FlhA)(FlhB)(FliO)(FliP)(FliQ)(FliR)(FliH)$_{12}$(FliI)$_{6}$(FliJ)][FlgE]$_{120}$[FlgK][FlgL][FliC][FliD]$_{5}$,FliF,CPLX0-7452,0.0
728,[([FliG]$_{26}$[FliM]$_{34}$[FliN])(FlgH)(MotA)(MotB)(FlgB)(FlgC)(FlgF)(FlgG)(FlgI)(FliF)(FliE)(FliL)$_{2}$][(FlhA)(FlhB)(FliO)(FliP)(FliQ)(FliR)(FliH)$_{12}$(FliI)$_{6}$(FliJ)][FlgE]$_{120}$[FlgK][FlgL][FliC][FliD]$_{5}$,FliE,CPLX0-7452,0.0
729,[([FliG]$_{26}$[FliM]$_{34}$[FliN])(FlgH)(MotA)(MotB)(FlgB)(FlgC)(FlgF)(FlgG)(FlgI)(FliF)(FliE)(FliL)$_{2}$][(FlhA)(FlhB)(FliO)(FliP)(FliQ)(FliR)(FliH)$_{12}$(FliI)$_{6}$(FliJ)][FlgE]$_{120}$[FlgK][FlgL][FliC][FliD]$_{5}$,FliL,CPLX0-7452,0.0
730,[([FliG]$_{26}$[FliM]$_{34}$[FliN])(FlgH)(MotA)(MotB)(FlgB)(FlgC)(FlgF)(FlgG)(FlgI)(FliF)(FliE)(FliL)$_{2}$][(FlhA)(FlhB)(FliO)(FliP)(FliQ)(FliR)(FliH)$_{12}$(FliI)$_{6}$(FliJ)][FlgE]$_{120}$[FlgK][FlgL][FliC][FliD]$_{5}$,FlhA,CPLX0-7452,0.0
731,[([FliG]$_{26}$[FliM]$_{34}$[FliN])(FlgH)(MotA)(MotB)(FlgB)(FlgC)(FlgF)(FlgG)(FlgI)(FliF)(FliE)(FliL)$_{2}$][(FlhA)(FlhB)(FliO)(FliP)(FliQ)(FliR)(FliH)$_{12}$(FliI)$_{6}$(FliJ)][FlgE]$_{120}$[FlgK][FlgL][FliC][FliD]$_{5}$,FlhB,CPLX0-7452,0.0
732,[([FliG]$_{26}$[FliM]$_{34}$[FliN])(FlgH)(MotA)(MotB)(FlgB)(FlgC)(FlgF)(FlgG)(FlgI)(FliF)(FliE)(FliL)$_{2}$][(FlhA)(FlhB)(FliO)(FliP)(FliQ)(FliR)(FliH)$_{12}$(FliI)$_{6}$(FliJ)][FlgE]$_{120}$[FlgK][FlgL][FliC][FliD]$_{5}$,FliO,CPLX0-7452,0.0
733,[([FliG]$_{26}$[FliM]$_{34}$[FliN])(FlgH)(MotA)(MotB)(FlgB)(FlgC)(FlgF)(FlgG)(FlgI)(FliF)(FliE)(FliL)$_{2}$][(FlhA)(FlhB)(FliO)(FliP)(FliQ)(FliR)(FliH)$_{12}$(FliI)$_{6}$(FliJ)][FlgE]$_{120}$[FlgK][FlgL][FliC][FliD]$_{5}$,FliP,CPLX0-7452,0.0
734,[([FliG]$_{26}$[FliM]$_{34}$[FliN])(FlgH)(MotA)(MotB)(FlgB)(FlgC)(FlgF)(FlgG)(FlgI)(FliF)(FliE)(FliL)$_{2}$][(FlhA)(FlhB)(FliO)(FliP)(FliQ)(FliR)(FliH)$_{12}$(FliI)$_{6}$(FliJ)][FlgE]$_{120}$[FlgK][FlgL][FliC][FliD]$_{5}$,FliQ,CPLX0-7452,0.0
735,[([FliG]$_{26}$[FliM]$_{34}$[FliN])(FlgH)(MotA)(MotB)(FlgB)(FlgC)(FlgF)(FlgG)(FlgI)(FliF)(FliE)(FliL)$_{2}$][(FlhA)(FlhB)(FliO)(FliP)(FliQ)(FliR)(FliH)$_{12}$(FliI)$_{6}$(FliJ)][FlgE]$_{120}$[FlgK][FlgL][FliC][FliD]$_{5}$,FliR,CPLX0-7452,0.0
736,[([FliG]$_{26}$[FliM]$_{34}$[FliN])(FlgH)(MotA)(MotB)(FlgB)(FlgC)(FlgF)(FlgG)(FlgI)(FliF)(FliE)(FliL)$_{2}$][(FlhA)(FlhB)(FliO)(FliP)(FliQ)(FliR)(FliH)$_{12}$(FliI)$_{6}$(FliJ)][FlgE]$_{120}$[FlgK][FlgL][FliC][FliD]$_{5}$,FliH,CPLX0-7452,0.0
737,[([FliG]$_{26}$[FliM]$_{34}$[FliN])(FlgH)(MotA)(MotB)(FlgB)(FlgC)(FlgF)(FlgG)(FlgI)(FliF)(FliE)(FliL)$_{2}$][(FlhA)(FlhB)(FliO)(FliP)(FliQ)(FliR)(FliH)$_{12}$(FliI)$_{6}$(FliJ)][FlgE]$_{120}$[FlgK][FlgL][FliC][FliD]$_{5}$,FliI,CPLX0-7452,0.0
738,[([FliG]$_{26}$[FliM]$_{34}$[FliN])(FlgH)(MotA)(MotB)(FlgB)(FlgC)(FlgF)(FlgG)(FlgI)(FliF)(FliE)(FliL)$_{2}$][(FlhA)(FlhB)(FliO)(FliP)(FliQ)(FliR)(FliH)$_{12}$(FliI)$_{6}$(FliJ)][FlgE]$_{120}$[FlgK][FlgL][FliC][FliD]$_{5}$,FliJ,CPLX0-7452,0.0
739,[([FliG]$_{26}$[FliM]$_{34}$[FliN])(FlgH)(MotA)(MotB)(FlgB)(FlgC)(FlgF)(FlgG)(FlgI)(FliF)(FliE)(FliL)$_{2}$][(FlhA)(FlhB)(FliO)(FliP)(FliQ)(FliR)(FliH)$_{12}$(FliI)$_{6}$(FliJ)][FlgE]$_{120}$[FlgK][FlgL][FliC][FliD]$_{5}$,FlgE,CPLX0-7452,120.0
740,[([FliG]$_{26}$[FliM]$_{34}$[FliN])(FlgH)(MotA)(MotB)(FlgB)(FlgC)(FlgF)(FlgG)(FlgI)(FliF)(FliE)(FliL)$_{2}$][(FlhA)(FlhB)(FliO)(FliP)(FliQ)(FliR)(FliH)$_{12}$(FliI)$_{6}$(FliJ)][FlgE]$_{120}$[FlgK][FlgL][FliC][FliD]$_{5}$,FlgK,CPLX0-7452,0.0
741,[([FliG]$_{26}$[FliM]$_{34}$[FliN])(FlgH)(MotA)(MotB)(FlgB)(FlgC)(FlgF)(FlgG)(FlgI)(FliF)(FliE)(FliL)$_{2}$][(FlhA)(FlhB)(FliO)(FliP)(FliQ)(FliR)(FliH)$_{12}$(FliI)$_{6}$(FliJ)][FlgE]$_{120}$[FlgK][FlgL][FliC][FliD]$_{5}$,FlgL,CPLX0-7452,0.0
742,[([FliG]$_{26}$[FliM]$_{34}$[FliN])(FlgH)(MotA)(MotB)(FlgB)(FlgC)(FlgF)(FlgG)(FlgI)(FliF)(FliE)(FliL)$_{2}$][(FlhA)(FlhB)(FliO)(FliP)(FliQ)(FliR)(FliH)$_{12}$(FliI)$_{6}$(FliJ)][FlgE]$_{120}$[FlgK][FlgL][FliC][FliD]$_{5}$,FliC,CPLX0-7452,0.0
743,[([FliG]$_{26}$[FliM]$_{34}$[FliN])(FlgH)(MotA)(MotB)(FlgB)(FlgC)(FlgF)(FlgG)(FlgI)(FliF)(FliE)(FliL)$_{2}$][(FlhA)(FlhB)(FliO)(FliP)(FliQ)(FliR)(FliH)$_{12}$(FliI)$_{6}$(FliJ)][FlgE]$_{120}$[FlgK][FlgL][FliC][FliD]$_{5}$,FliD,CPLX0-7452,0.0
744,[GlcD][GlcE][GlcF],GlcD,CPLX0-7458,1.0
745,[GlcD][GlcE][GlcF],GlcE,CPLX0-7458,1.0
746,[GlcD][GlcE][GlcF],GlcF,CPLX0-7458,1.0
747,[YdiB]$_{2}$,YdiB,CPLX0-7462,2.0
748,[DadX]$_{2}$,DadX,CPLX0-7465,2.0
749,[XylB]$_{2}$,XylB,CPLX0-7466,2.0
750,[Can]$_{4}$,Can,CPLX0-7521,4.0
751,[MenD]$_{2}$,MenD,CPLX0-7525,2.0
752,[Wza]$_{8}$[Wzc]$_{4}$,Wza,CPLX0-7529,8.0
753,[Wza]$_{8}$[Wzc]$_{4}$,Wzc,CPLX0-7529,4.0
754,[PhoE]$_{3}$,PhoE,CPLX0-7530,3.0
755,[AmtB]$_{3}$,AmtB,CPLX0-7532,3.0
756,[OmpC]$_{3}$,OmpC,CPLX0-7533,3.0
757,[OmpF]$_{3}$,OmpF,CPLX0-7534,3.0
758,[AdiC]$_{2}$,AdiC,CPLX0-7535,2.0
759,[ChpB][ChpS],ChpB,CPLX0-7561,1.0
760,[ChpB][ChpS],ChpS,CPLX0-7561,1.0
761,[IspH]$_{2}$,IspH,CPLX0-7564,2.0
762,[(MnmE)$_{2}$][(MnmG)$_{2}$],MnmE,CPLX0-7609,2.0
763,[(MnmE)$_{2}$][(MnmG)$_{2}$],MnmG,CPLX0-7609,2.0
764,[XdhA][XdhB][XdhC],XdhA,CPLX0-761,1.0
765,[XdhA][XdhB][XdhC],XdhB,CPLX0-761,1.0
766,[XdhA][XdhB][XdhC],XdhC,CPLX0-761,1.0
767,[AgaV][AgaW],AgaV,CPLX0-7610,1.0
768,[AgaV][AgaW],AgaW,CPLX0-7610,1.0
769,[HisG]$_{2}$,HisG,CPLX0-7614,2.0
770,[GarL]$_{6}$,GarL,CPLX0-7615,6.0
771,[GlxR]$_{4}$,GlxR,CPLX0-7616,4.0
772,[TdcG]$_{2}$,TdcG,CPLX0-7622,2.0
773,[PrlF]$_{2}$[YhaV]$_{4}$,PrlF,CPLX0-7624,2.0
774,[PrlF]$_{2}$[YhaV]$_{4}$,YhaV,CPLX0-7624,4.0
775,[YfbR]$_{2}$,YfbR,CPLX0-7625,2.0
776,[MscS]$_{7}$,MscS,CPLX0-7626,7.0
777,[MscL]$_{5}$,MscL,CPLX0-7627,5.0
778,(LptD)(LptE) (extended summary available),LptD,CPLX0-7628,1.0
779,(LptD)(LptE) (extended summary available),LptE,CPLX0-7628,1.0
780,[LptD][LptE],LptD,CPLX0-7628,1.0
781,[LptD][LptE],LptE,CPLX0-7628,1.0
782,[NhaA]$_{2}$,NhaA,CPLX0-7629,2.0
783,[TesA]$_{4}$,TesA,CPLX0-7630,4.0
784,[FucI]$_{6}$,FucI,CPLX0-7631,6.0
785,[WrbA]$_{4}$,WrbA,CPLX0-7632,4.0
786,[FucA]$_{4}$,FucA,CPLX0-7633,4.0
787,[FieF]$_{2}$,FieF,CPLX0-7641,2.0
788,[ProP]$_{2}$,ProP,CPLX0-7642,2.0
789,[IlvC]$_{4}$,IlvC,CPLX0-7643,4.0
790,[FucU]$_{6}$,FucU,CPLX0-7645,6.0
791,[RbsD]$_{10}$,RbsD,CPLX0-7646,10.0
792,[RbsK]$_{2}$,RbsK,CPLX0-7647,2.0
793,[RhaM]$_{2}$,RhaM,CPLX0-7649,2.0
794,[RhaA]$_{4}$,RhaA,CPLX0-7652,4.0
795,[AqpZ]$_{4}$,AqpZ,CPLX0-7653,4.0
796,[GlpF]$_{4}$,GlpF,CPLX0-7654,4.0
797,[LamB]$_{3}$,LamB,CPLX0-7655,3.0
798,[NanM]$_{2}$,NanM,CPLX0-7658,2.0
799,[RibD]$_{2}$,RibD,CPLX0-7659,2.0
800,[GmhA]$_{4}$,GmhA,CPLX0-7660,4.0
801,[UidA]$_{4}$,UidA,CPLX0-7662,4.0
802,[YqhD]$_{2}$,YqhD,CPLX0-7667,2.0
803,[(MntR)(Mn<sup>2+</sup>)]$_{2}$,MntR,CPLX0-7672,2.0
804,[YeaX]YeaW],YeaW,CPLX0-7675,1.0
805,[(ZntR)(Zn<sup>2+</sup>)]$_{2}$,ZntR,CPLX0-7678,2.0
806,[YihS]$_{6}$,YihS,CPLX0-7683,6.0
807,[YgaZ][YgaH],YgaZ,CPLX0-7684,1.0
808,[YgaZ][YgaH],YgaH,CPLX0-7684,1.0
809,[Hpt]$_{4}$,Hpt,CPLX0-7685,4.0
810,[Sad]$_{2}$,Sad,CPLX0-7687,2.0
811,[GabD]$_{4}$,GabD,CPLX0-7688,4.0
812,[AidB]$_{4}$,AidB,CPLX0-7691,4.0
813,[MazG]$_{2}$,MazG,CPLX0-7692,2.0
814,[AzoR]$_{2}$,AzoR,CPLX0-7693,2.0
815,[GlsA]$_{4}$,GlsA,CPLX0-7694,4.0
816,[GlsB]$_{2}$,GlsB,CPLX0-7695,2.0
817,(MukE)$_{4}$([MukF]$_{2}$) (summary available),MukE,CPLX0-7697,4.0
818,(MukE)$_{4}$([MukF]$_{2}$) (summary available),MukF,CPLX0-7697,2.0
819,[MukE]$_{4}$[(MukF)$_{2}$],MukE,CPLX0-7697,4.0
820,[MukE]$_{4}$[(MukF)$_{2}$],MukF,CPLX0-7697,2.0
821,[MsbA]$_{2}$,MsbA,CPLX0-7704,2.0
822,[(NikR)(Ni<sup>2+</sup>)]$_{4}$,NikR,CPLX0-7707,4.0
823,[(CueR)(Cu<sup>+</sup>)]$_{2}$,CueR,CPLX0-7708,2.0
824,[PuuA]$_{12}$,PuuA,CPLX0-7709,12.0
825,[Gmm]$_{2}$,Gmm,CPLX0-7712,2.0
826,[MrcA]$_{2}$,MrcA,CPLX0-7717,2.0
827,[ArnA]$_{6}$,ArnA,CPLX0-7718,6.0
828,[NadA]$_{2}$,NadA,CPLX0-7719,2.0
829,[ArnE][ArnF],ArnE,CPLX0-7720,1.0
830,[ArnE][ArnF],ArnF,CPLX0-7720,1.0
831,[RhmD]$_{8}$,RhmD,CPLX0-7722,8.0
832,[YfaU]$_{6}$,YfaU,CPLX0-7723,6.0
833,[CasA][CasB]$_{2}$[CasC]$_{6}$[CasD][CasE],CasA,CPLX0-7725,1.0
834,[CasA][CasB]$_{2}$[CasC]$_{6}$[CasD][CasE],CasB,CPLX0-7725,2.0
835,[CasA][CasB]$_{2}$[CasC]$_{6}$[CasD][CasE],CasC,CPLX0-7725,6.0
836,[CasA][CasB]$_{2}$[CasC]$_{6}$[CasD][CasE],CasD,CPLX0-7725,1.0
837,[CasA][CasB]$_{2}$[CasC]$_{6}$[CasD][CasE],CasE,CPLX0-7725,1.0
838,[RlmI]$_{2}$,RlmI,CPLX0-7726,2.0
839,[RsmE]$_{2}$,RsmE,CPLX0-7727,2.0
840,[TruA]$_{2}$,TruA,CPLX0-7728,2.0
841,[MurQ]$_{2}$,MurQ,CPLX0-7732,2.0
842,[ScpA]$_{2}$,ScpA,CPLX0-7741,2.0
843,[UlaD]$_{2}$,UlaD,CPLX0-7744,2.0
844,[Tpx]$_{2}$,Tpx,CPLX0-7747,2.0
845,[HinT]$_{2}$,HinT,CPLX0-7755,2.0
846,[YmdB]$_{2}$,YmdB,CPLX0-7758,2.0
847,[AcnA]$_{2}$,AcnA,CPLX0-7760,2.0
848,[EntH]$_{4}$,EntH,CPLX0-7766,4.0
849,[YggF]$_{2}$,YggF,CPLX0-7776,2.0
850,[YafQ]$_{2}$[DinJ]$_{2}$,YafQ,CPLX0-7787,2.0
851,[YafQ]$_{2}$[DinJ]$_{2}$,DinJ,CPLX0-7787,2.0
852,[PreT]$_{2}$[PreA]$_{2}$,PreT,CPLX0-7788,2.0
853,[PreT]$_{2}$[PreA]$_{2}$,PreA,CPLX0-7788,2.0
854,[RelB]$_{4}$[RelE]$_{4}$,RelB,CPLX0-7791,4.0
855,[RelB]$_{4}$[RelE]$_{4}$,RelE,CPLX0-7791,4.0
856,[YihU]$_{4}$,YihU,CPLX0-7794,4.0
857,[(<i>S</i>-adenosyl-L-methionine)(MetJ)]$_{2}$,MetJ,CPLX0-7796,2.0
858,[DgcZ]$_{2}$,DgcZ,CPLX0-7802,2.0
859,[PaoA][PaoB][PaoC],PaoA,CPLX0-7805,1.0
860,[PaoA][PaoB][PaoC],PaoB,CPLX0-7805,1.0
861,[PaoA][PaoB][PaoC],PaoC,CPLX0-7805,1.0
862,[YfcG]$_{2}$,YfcG,CPLX0-7806,2.0
863,[MdtP][MdtO][MdtN],MdtP,CPLX0-7807,1.0
864,[MdtP][MdtO][MdtN],MdtO,CPLX0-7807,1.0
865,[MdtP][MdtO][MdtN],MdtN,CPLX0-7807,1.0
866,[HemF]$_{2}$,HemF,CPLX0-7808,2.0
867,[EfeB]$_{2}$,EfeB,CPLX0-7810,2.0
868,[HemG]$_{4}$,HemG,CPLX0-7811,4.0
869,[KefC]$_{2}$,KefC,CPLX0-7819,2.0
870,[LipA]$_{2}$,LipA,CPLX0-782,2.0
871,[LsrF]$_{10}$,LsrF,CPLX0-7820,10.0
872,[MqsA]$_{2}$[MqsR]$_{4}$,MqsA,CPLX0-7822,2.0
873,[MqsA]$_{2}$[MqsR]$_{4}$,MqsR,CPLX0-7822,4.0
874,[DosP][DosC],DosP,CPLX0-7823,1.0
875,[DosP][DosC],DosC,CPLX0-7823,1.0
876,[RdgB]$_{2}$,RdgB,CPLX0-7826,2.0
877,[CsdA]$_{2}$,CsdA,CPLX0-7838,2.0
878,[CysJ]$_{8}$,CysJ,CPLX0-7841,8.0
879,[FocA]$_{5}$,FocA,CPLX0-7843,5.0
880,[AbgB]$_{2}$[AbgA]$_{2}$,AbgB,CPLX0-7844,2.0
881,[AbgB]$_{2}$[AbgA]$_{2}$,AbgA,CPLX0-7844,2.0
882,[PdxA]$_{2}$,PdxA,CPLX0-7847,2.0
883,[UlaG]$_{6}$,UlaG,CPLX0-7848,6.0
884,[EntB]$_{2}$,EntB,CPLX0-7849,2.0
885,[RcsB][GadE],RcsB,CPLX0-7852,1.0
886,[RcsB][GadE],GadE,CPLX0-7852,1.0
887,[AtoS]$_{2}$ + 8 isozymes],AtoS,CPLX0-7870,2.0
888,[Pgi]$_{2}$,Pgi,CPLX0-7877,2.0
889,[Oxc]$_{4}$,Oxc,CPLX0-7878,4.0
890,[RpsJ][NusB],RpsJ,CPLX0-7879,1.0
891,[RpsJ][NusB],NusB,CPLX0-7879,1.0
892,[MenB]$_{6}$,MenB,CPLX0-7882,6.0
893,[Ggt][Ggt],Ggt,CPLX0-7885,1.0
894,[Ggt][Ggt],Ggt,CPLX0-7885,1.0
895,[AlaC]$_{2}$,AlaC,CPLX0-7887,2.0
896,[AlaA]$_{2}$,AlaA,CPLX0-7888,2.0
897,[EpmA]$_{2}$,EpmA,CPLX0-7889,2.0
898,[RihB]$_{4}$,RihB,CPLX0-7904,4.0
899,[CaiT]$_{3}$,CaiT,CPLX0-7906,3.0
900,[RnlB][RnlA],RnlB,CPLX0-7909,1.0
901,[RnlB][RnlA],RnlA,CPLX0-7909,1.0
902,(HolC)(HolD) (extended summary available),HolC,CPLX0-7910,1.0
903,(HolC)(HolD) (extended summary available),HolD,CPLX0-7910,1.0
904,[HolC][HolD],HolC,CPLX0-7910,1.0
905,[HolC][HolD],HolD,CPLX0-7910,1.0
906,[EutD]$_{2}$,EutD,CPLX0-7912,2.0
907,[TehB]$_{2}$,TehB,CPLX0-7913,2.0
908,[BglJ][RcsB],BglJ,CPLX0-7916,1.0
909,[BglJ][RcsB],RcsB,CPLX0-7916,1.0
910,[YghU]$_{2}$,YghU,CPLX0-7917,2.0
911,[ManZ]$_{2}$ManY]ManX]$_{2}$,ManX,CPLX0-7921,2.0
912,[CurA]$_{2}$,CurA,CPLX0-7927,2.0
913,[CodA]$_{6}$,CodA,CPLX0-7932,6.0
914,[FtsQ][FtsB][FtsL],FtsQ,CPLX0-7934,1.0
915,[FtsQ][FtsB][FtsL],FtsB,CPLX0-7934,1.0
916,[FtsQ][FtsB][FtsL],FtsL,CPLX0-7934,1.0
917,[PhnJ]$_{2}$[PhnI]$_{2}$[PhnH]$_{2}$[PhnG]$_{2}$,PhnJ,CPLX0-7935,2.0
918,[PhnJ]$_{2}$[PhnI]$_{2}$[PhnH]$_{2}$[PhnG]$_{2}$,PhnI,CPLX0-7935,2.0
919,[PhnJ]$_{2}$[PhnI]$_{2}$[PhnH]$_{2}$[PhnG]$_{2}$,PhnH,CPLX0-7935,2.0
920,[PhnJ]$_{2}$[PhnI]$_{2}$[PhnH]$_{2}$[PhnG]$_{2}$,PhnG,CPLX0-7935,2.0
921,[PhnP]$_{2}$,PhnP,CPLX0-7936,2.0
922,[KefF]$_{2}$,KefF,CPLX0-7939,2.0
923,[YagE]$_{4}$,YagE,CPLX0-7940,4.0
924,[BolA][GrxD],BolA,CPLX0-7942,1.0
925,[BolA][GrxD],GrxD,CPLX0-7942,1.0
926,[PldA]$_{2}$,PldA,CPLX0-7944,2.0
927,[RimK]$_{4}$,RimK,CPLX0-7946,4.0
928,[AstB]$_{2}$,AstB,CPLX0-7947,2.0
929,[MhpC]$_{2}$,MhpC,CPLX0-7950,2.0
930,[MhpD]$_{5}$,MhpD,CPLX0-7951,5.0
931,[FhuE][(TonB)(ExbB)(ExbD)],FhuE,CPLX0-7952,1.0
932,[FhuE][(TonB)(ExbB)(ExbD)],TonB,CPLX0-7952,1.0
933,[FhuE][(TonB)(ExbB)(ExbD)],ExbB,CPLX0-7952,1.0
934,[FhuE][(TonB)(ExbB)(ExbD)],ExbD,CPLX0-7952,1.0
935,[ActP]$_{2}$,ActP,CPLX0-7955,2.0
936,[SelD]$_{2}$,SelD,CPLX0-7957,2.0
937,[PhnL][PhnH][PhnG][PhnI],PhnL,CPLX0-7958,1.0
938,[PhnL][PhnH][PhnG][PhnI],PhnH,CPLX0-7958,1.0
939,[PhnL][PhnH][PhnG][PhnI],PhnG,CPLX0-7958,1.0
940,[PhnL][PhnH][PhnG][PhnI],PhnI,CPLX0-7958,1.0
941,[PurB]$_{4}$,PurB,CPLX0-7959,4.0
942,[YajL]$_{2}$,YajL,CPLX0-7960,2.0
943,[ClcA]$_{2}$,ClcA,CPLX0-7961,2.0
944,[MnaT]$_{2}$,MnaT,CPLX0-7962,2.0
945,[EmrE]$_{2}$,EmrE,CPLX0-7963,2.0
946,[NudC]$_{2}$,NudC,CPLX0-7974,2.0
947,[NadR]$_{4}$,NadR,CPLX0-7975,4.0
948,[TamB][TamA],TamB,CPLX0-7976,1.0
949,[TamB][TamA],TamA,CPLX0-7976,1.0
950,[RsmH]$_{2}$,RsmH,CPLX0-7977,2.0
951,[ChbF]$_{4}$,ChbF,CPLX0-7979,4.0
952,[YqjG]$_{2}$,YqjG,CPLX0-7984,2.0
953,[HypD][HypC],HypD,CPLX0-7986,1.0
954,[HypD][HypC],HypC,CPLX0-7986,1.0
955,[PaaG]$_{6}$[PaaF]$_{6}$,PaaG,CPLX0-7988,6.0
956,[PaaG]$_{6}$[PaaF]$_{6}$,PaaF,CPLX0-7988,6.0
957,[MpaA]$_{2}$,MpaA,CPLX0-7989,2.0
958,[WecE]$_{4}$,WecE,CPLX0-7990,4.0
959,[(LptD)(LptE)][LptG][LptC][LptA][LptB]$_{2}$[LptF],LptD,CPLX0-7992,1.0
960,[(LptD)(LptE)][LptG][LptC][LptA][LptB]$_{2}$[LptF],LptE,CPLX0-7992,1.0
961,[(LptD)(LptE)][LptG][LptC][LptA][LptB]$_{2}$[LptF],LptG,CPLX0-7992,1.0
962,[(LptD)(LptE)][LptG][LptC][LptA][LptB]$_{2}$[LptF],LptC,CPLX0-7992,1.0
963,[(LptD)(LptE)][LptG][LptC][LptA][LptB]$_{2}$[LptF],LptA,CPLX0-7992,1.0
964,[(LptD)(LptE)][LptG][LptC][LptA][LptB]$_{2}$[LptF],LptB,CPLX0-7992,2.0
965,[(LptD)(LptE)][LptG][LptC][LptA][LptB]$_{2}$[LptF],LptF,CPLX0-7992,1.0
966,[AllD]$_{2}$,AllD,CPLX0-7993,2.0
967,[PgaD][PgaC],PgaD,CPLX0-7994,1.0
968,[PgaD][PgaC],PgaC,CPLX0-7994,1.0
969,[DapF]$_{2}$,DapF,CPLX0-7997,2.0
970,[WecB]$_{2}$,WecB,CPLX0-8008,2.0
971,[CmoA]$_{2}$,CmoA,CPLX0-8010,2.0
972,[Rfe]$_{2}$,Rfe,CPLX0-8011,2.0
973,[RffH]$_{4}$,RffH,CPLX0-8012,4.0
974,[WecC]$_{2}$,WecC,CPLX0-8013,2.0
975,[MurC]$_{2}$,MurC,CPLX0-8014,2.0
976,[AdhP]$_{4}$,AdhP,CPLX0-8015,4.0
977,[LpxD]$_{3}$,LpxD,CPLX0-8016,3.0
978,[PdxY]$_{2}$,PdxY,CPLX0-8031,2.0
979,[YfdE]$_{2}$,YfdE,CPLX0-8032,2.0
980,[Aes]$_{2}$,Aes,CPLX0-8033,2.0
981,[RfbA]$_{4}$,RfbA,CPLX0-8034,4.0
982,[MoeA]$_{2}$,MoeA,CPLX0-8045,2.0
983,[DgcM]$_{4}$,DgcM,CPLX0-8090,4.0
984,[MalY]$_{2}$,MalY,CPLX0-8092,2.0
985,[SbmA]$_{2}$,SbmA,CPLX0-8097,2.0
986,[Ugd]$_{2}$,Ugd,CPLX0-8098,2.0
987,[YhdE]$_{2}$,YhdE,CPLX0-8106,2.0
988,[UvrD]$_{2}$,UvrD,CPLX0-8111,2.0
989,[RoxA]$_{2}$,RoxA,CPLX0-8112,2.0
990,[BglF]$_{2}$,BglF,CPLX0-8115,2.0
991,[FryC][FryB][FryA],FryC,CPLX0-8119,1.0
992,[FryC][FryB][FryA],FryB,CPLX0-8119,1.0
993,[FryC][FryB][FryA],FryA,CPLX0-8119,1.0
994,[ArtI][ArtM][ArtQ][ArtP]$_{2}$,ArtI,CPLX0-8120,1.0
995,[ArtI][ArtM][ArtQ][ArtP]$_{2}$,ArtM,CPLX0-8120,1.0
996,[ArtI][ArtM][ArtQ][ArtP]$_{2}$,ArtQ,CPLX0-8120,1.0
997,[ArtI][ArtM][ArtQ][ArtP]$_{2}$,ArtP,CPLX0-8120,2.0
998,[YhdH]$_{2}$,YhdH,CPLX0-8121,2.0
999,[PepB]$_{6}$,PepB,CPLX0-8122,6.0
1000,[QueD]$_{6}$,QueD,CPLX0-8123,6.0
1001,[TtcA]$_{2}$,TtcA,CPLX0-8124,2.0
1002,[BcsB][BcsA],BcsB,CPLX0-8125,1.0
1003,[BcsB][BcsA],BcsA,CPLX0-8125,1.0
1004,[PaaY]$_{3}$,PaaY,CPLX0-8127,3.0
1005,[MenI]$_{4}$,MenI,CPLX0-8128,4.0
1006,[TcyN]$_{2}$[TcyL]$_{2}$[TcyJ],TcyN,CPLX0-8152,2.0
1007,[TcyN]$_{2}$[TcyL]$_{2}$[TcyJ],TcyL,CPLX0-8152,2.0
1008,[TcyN]$_{2}$[TcyL]$_{2}$[TcyJ],TcyJ,CPLX0-8152,1.0
1009,[PepQ]$_{2}$,PepQ,CPLX0-8156,2.0
1010,[OsmC]$_{2}$,OsmC,CPLX0-8157,2.0
1011,[LdhA]$_{4}$,LdhA,CPLX0-8158,4.0
1012,[PatA]$_{2}$,PatA,CPLX0-8159,2.0
1013,[(SdhA)(SdhB)(SdhC)(SdhD)]$_{3}$,SdhA,CPLX0-8160,1.0
1014,[(SdhA)(SdhB)(SdhC)(SdhD)]$_{3}$,SdhB,CPLX0-8160,1.0
1015,[(SdhA)(SdhB)(SdhC)(SdhD)]$_{3}$,SdhC,CPLX0-8160,1.0
1016,[(SdhA)(SdhB)(SdhC)(SdhD)]$_{3}$,SdhD,CPLX0-8160,3.0
1017,[Mog]$_{3}$,Mog,CPLX0-8163,3.0
1018,[MoeB]$_{2}$,MoeB,CPLX0-8164,2.0
1019,[(HyaA)$_{2}$(HyaB)$_{2}$(HyaC)]$_{2}$,HyaA,CPLX0-8167,1.0
1020,[(HyaA)$_{2}$(HyaB)$_{2}$(HyaC)]$_{2}$,HyaB,CPLX0-8167,1.0
1021,[(HyaA)$_{2}$(HyaB)$_{2}$(HyaC)]$_{2}$,HyaC,CPLX0-8167,2.0
1022,[TcdA]$_{2}$,TcdA,CPLX0-8176,2.0
1023,(TsaB)(TsaD) (summary available),TsaB,CPLX0-8181,1.0
1024,(TsaB)(TsaD) (summary available),TsaD,CPLX0-8181,1.0
1025,[TsaB][TsaD],TsaB,CPLX0-8181,1.0
1026,[TsaB][TsaD],TsaD,CPLX0-8181,1.0
1027,[TsaE][(TsaB)(TsaD)],TsaE,CPLX0-8182,1.0
1028,[TsaE][(TsaB)(TsaD)],TsaB,CPLX0-8182,1.0
1029,[TsaE][(TsaB)(TsaD)],TsaD,CPLX0-8182,1.0
1030,[DegS]$_{3}$,DegS,CPLX0-8183,3.0
1031,[GatD]$_{2}$,GatD,CPLX0-8186,2.0
1032,[DegQ]$_{12}$,DegQ,CPLX0-8187,12.0
1033,[MinD]$_{2}$[MinC]$_{2}$,MinD,CPLX0-8188,2.0
1034,[MinD]$_{2}$[MinC]$_{2}$,MinC,CPLX0-8188,2.0
1035,[PatZ]$_{4}$,PatZ,CPLX0-8189,4.0
1036,[CmoB]$_{4}$,CmoB,CPLX0-8190,4.0
1037,[DnaJ]$_{2}$,DnaJ,CPLX0-8191,2.0
1038,[DosP]$_{2}$ + 1 isozymes],DosP,CPLX0-8199,2.0
1039,[PdeF]$_{2}$,PdeF,CPLX0-8200,2.0
1040,[GlaH]$_{4}$,GlaH,CPLX0-8201,4.0
1041,[Alr]$_{2}$,Alr,CPLX0-8202,2.0
1042,[GalU]$_{4}$,GalU,CPLX0-8205,4.0
1043,[RpsR][RpsF],RpsR,CPLX0-8208,1.0
1044,[RpsR][RpsF],RpsF,CPLX0-8208,1.0
1045,[FrlB]$_{12}$,FrlB,CPLX0-821,12.0
1046,[ThiM]$_{2}$,ThiM,CPLX0-8211,2.0
1047,[PdxB]$_{2}$,PdxB,CPLX0-8212,2.0
1048,[MsrQ][MsrP],MsrQ,CPLX0-8213,1.0
1049,[MsrQ][MsrP],MsrP,CPLX0-8213,1.0
1050,[YjfP]$_{2}$,YjfP,CPLX0-8214,2.0
1051,[MsrC]$_{2}$,MsrC,CPLX0-8217,2.0
1052,[YgaP]$_{2}$,YgaP,CPLX0-8219,2.0
1053,[Fic][YhfG],Fic,CPLX0-8227,1.0
1054,[Fic][YhfG],YhfG,CPLX0-8227,1.0
1055,[HigB]$_{2}$,HigB,CPLX0-8228,2.0
1056,[(HigB)$_{2}$]$_{2}$[(HigA)$_{2}$]$_{2}$,HigB,CPLX0-8230,8.0
1057,[(HigB)$_{2}$]$_{2}$[(HigA)$_{2}$]$_{2}$,HigA,CPLX0-8230,8.0
1058,[RsmI]$_{2}$,RsmI,CPLX0-8231,2.0
1059,[YeaX][YeaW],YeaX,CPLX0-8232,1.0
1060,[YeaX][YeaW],YeaW,CPLX0-8232,1.0
1061,[PsuG]$_{3}$,PsuG,CPLX0-8233,3.0
1062,[NrfD][NrfC],NrfD,CPLX0-8238,1.0
1063,[NrfD][NrfC],NrfC,CPLX0-8238,1.0
1064,[IbaG][GrxD],IbaG,CPLX0-8239,1.0
1065,[IbaG][GrxD],GrxD,CPLX0-8239,1.0
1066,[UraA]$_{2}$,UraA,CPLX0-8247,2.0
1067,[PxpC][PxpB][PxpA],PxpC,CPLX0-8249,1.0
1068,[PxpC][PxpB][PxpA],PxpB,CPLX0-8249,1.0
1069,[PxpC][PxpB][PxpA],PxpA,CPLX0-8249,1.0
1070,[YgeA]$_{2}$,YgeA,CPLX0-8251,2.0
1071,[DacA]$_{2}$,DacA,CPLX0-8252,2.0
1072,[DacC]$_{2}$ + 2 isozymes],DacC,CPLX0-8254,2.0
1073,[PtsG][Mlc],PtsG,CPLX0-8255,1.0
1074,[PtsG][Mlc],Mlc,CPLX0-8255,1.0
1075,[Tmk]$_{2}$,Tmk,CPLX0-8260,2.0
1076,[Tdk],Tdk,CPLX0-8261,1.0
1077,[PpnN]$_{4}$,PpnN,CPLX0-8262,4.0
1078,[Gdx]$_{2}$,Gdx,CPLX0-8263,2.0
1079,[CpxA]$_{2}$,CpxA,CPLX0-8270,2.0
1080,[CrcB]$_{2}$,CrcB,CPLX0-8271,2.0
1081,[RihA]$_{4}$,RihA,CPLX0-8280,4.0
1082,[CusS]$_{2}$,CusS,CPLX0-8288,2.0
1083,[YpdF]$_{2}$,YpdF,CPLX0-8290,2.0
1084,[IdnO]$_{2}$,IdnO,CPLX0-8292,2.0
1085,[Prs]$_{6}$,Prs,CPLX0-8299,6.0
1086,[MrcB]$_{2}$,MrcB,CPLX0-8300,2.0
1087,[UbiK][UbiJ][UbiI][UbiH][UbiG][UbiF][UbiE],UbiK,CPLX0-8301,1.0
1088,[UbiK][UbiJ][UbiI][UbiH][UbiG][UbiF][UbiE],UbiJ,CPLX0-8301,1.0
1089,[UbiK][UbiJ][UbiI][UbiH][UbiG][UbiF][UbiE],UbiI,CPLX0-8301,1.0
1090,[UbiK][UbiJ][UbiI][UbiH][UbiG][UbiF][UbiE],UbiH,CPLX0-8301,1.0
1091,[UbiK][UbiJ][UbiI][UbiH][UbiG][UbiF][UbiE],UbiG,CPLX0-8301,1.0
1092,[UbiK][UbiJ][UbiI][UbiH][UbiG][UbiF][UbiE],UbiF,CPLX0-8301,1.0
1093,[UbiK][UbiJ][UbiI][UbiH][UbiG][UbiF][UbiE],UbiE,CPLX0-8301,1.0
1094,[RutD]$_{2}$,RutD,CPLX0-8303,2.0
1095,[DcuB][DcuS],DcuB,CPLX0-8304,1.0
1096,[DcuB][DcuS],DcuS,CPLX0-8304,1.0
1097,[DctA][DcuS],DctA,CPLX0-8306,1.0
1098,[DctA][DcuS],DcuS,CPLX0-8306,1.0
1099,[UbiV][UbiU],UbiV,CPLX0-8308,1.0
1100,[UbiV][UbiU],UbiU,CPLX0-8308,1.0
1101,[YoeB]$_{2}$,YoeB,CPLX0-8311,2.0
1102,[Sxy][Crp],Sxy,CPLX0-8312,1.0
1103,[Sxy][Crp],Crp,CPLX0-8312,1.0
1104,[HchA]$_{2}$,HchA,CPLX0-861,2.0
1105,[TadA]$_{2}$,TadA,CPLX0-901,2.0
1106,[PncC]$_{2}$,PncC,CPLXECOLI-7943,2.0
1107,[PyrG]$_{4}$,PyrG,CTPSYN-CPLX,4.0
1108,[CynS]$_{10}$,CynS,CYANLY-CPLX,10.0
1109,[(CysE)$_{6}$][(CysK)$_{2}$],CysE,CYSSYNMULTI-CPLX,6.0
1110,[(CysE)$_{6}$][(CysK)$_{2}$],CysK,CYSSYNMULTI-CPLX,2.0
1111,[MetC]$_{4}$,MetC,CYSTATHIONINE-BETA-LYASE-CPLX,4.0
1112,[CydA][CydB][CydX],CydA,CYT-D-UBIOX-CPLX,1.0
1113,[CydA][CydB][CydX],CydB,CYT-D-UBIOX-CPLX,1.0
1114,[CydA][CydB][CydX],CydX,CYT-D-UBIOX-CPLX,1.0
1115,[CyoD][CyoA][CyoB][CyoC],CyoD,CYT-O-UBIOX-CPLX,1.0
1116,[CyoD][CyoA][CyoB][CyoC],CyoA,CYT-O-UBIOX-CPLX,1.0
1117,[CyoD][CyoA][CyoB][CyoC],CyoB,CYT-O-UBIOX-CPLX,1.0
1118,[CyoD][CyoA][CyoB][CyoC],CyoC,CYT-O-UBIOX-CPLX,1.0
1119,[Cdd]$_{2}$,Cdd,CYTIDEAM-CPLX,2.0
1120,[DdlB]$_{2}$,DdlB,DALADALALIGB-CPLX,2.0
1121,[DadA]$_{2}$,DadA,DALADEHYDROG-CPLX,2.0
1122,[BioA]$_{2}$,BioA,DAPASYN-CPLX,2.0
1123,[Dcd]$_{3}$,Dcd,DCTP-DEAM-CPLX,3.0
1124,[DcyD]$_{2}$,DcyD,DCYSDESULF-CPLX,2.0
1125,[DeoA]$_{2}$,DeoA,DEOA-CPLX,2.0
1126,[DeoD]$_{6}$,DeoD,DEOD-CPLX,6.0
1127,[BioD]$_{2}$,BioD,DETHIOBIOTIN-SYN-CPLX,2.0
1128,[Dgt]$_{6}$,Dgt,DGTPTRIPHYDRO-CPLX,6.0
1129,[MhpB]$_{4}$,MhpB,DHPDIOXYGEN-CPLX,4.0
1130,[DgkA]$_{3}$,DgkA,DIACYLGLYKIN-CPLX,3.0
1131,[LysA]$_{2}$,LysA,DIAMINOPIMDECARB-CPLX,2.0
1132,[DapA]$_{4}$,DapA,DIHYDRODIPICSYN-CPLX,4.0
1133,[PyrC]$_{2}$,PyrC,DIHYDROOROT-CPLX,2.0
1134,[DapB]$_{4}$,DapB,DIHYDROPICRED-CPLX,4.0
1135,[NfsB]$_{2}$,NfsB,DIHYDROPTERIREDUCT-CPLX,2.0
1136,[IlvD]$_{2}$,IlvD,DIHYDROXYACIDDEHYDRAT-CPLX,2.0
1137,[DmsA][DmsB][DmsC],DmsA,DIMESULFREDUCT-CPLX,1.0
1138,[DmsA][DmsB][DmsC],DmsB,DIMESULFREDUCT-CPLX,1.0
1139,[DmsA][DmsB][DmsC],DmsC,DIMESULFREDUCT-CPLX,1.0
1140,[RibB]$_{2}$,RibB,DIOHBUTANONEPSYN-CPLX,2.0
1141,[CobT]$_{2}$,CobT,DMBPPRIBOSYLTRANS-CPLX,2.0
1142,[DsbC]$_{2}$,DsbC,DSBC-CPLX,2.0
1143,[DsbG]$_{2}$,DsbG,DSBG-CPLX,2.0
1144,[RfbB]$_{2}$,RfbB,DTDPGLUCDEHYDRAT-CPLX,2.0
1145,[Dut]$_{3}$,Dut,DUTP-PYROP-CPLX,3.0
1146,[Dxr]$_{2}$,Dxr,DXPREDISOM-CPLX,2.0
1147,[SucA]$_{12}$,SucA,E1O,12.0
1148,[AceE]$_{2}$,AceE,E1P-CPLX,2.0
1149,[SucB]$_{24}$,SucB,E2O,24.0
1150,[Lpd]$_{2}$,Lpd,E3-CPLX,2.0
1151,[UlaC][UlaB][UlaA]$_{2}$,UlaC,EIISGA,1.0
1152,[UlaC][UlaB][UlaA]$_{2}$,UlaB,EIISGA,1.0
1153,[UlaC][UlaB][UlaA]$_{2}$,UlaA,EIISGA,2.0
1154,[SgcB][SgcC][SgcA],SgcB,EIISGC,1.0
1155,[SgcB][SgcC][SgcA],SgcC,EIISGC,1.0
1156,[SgcB][SgcC][SgcA],SgcA,EIISGC,1.0
1157,[Eno]$_{2}$,Eno,ENOLASE-CPLX,2.0
1158,[EntA]$_{4}$,EntA,ENTA-CPLX,4.0
1159,[(EntB)$_{2}$][EntD][EntF][(EntE)$_{2}$],EntB,ENTMULTI-CPLX,2.0
1160,[(EntB)$_{2}$][EntD][EntF][(EntE)$_{2}$],EntD,ENTMULTI-CPLX,1.0
1161,[(EntB)$_{2}$][EntD][EntF][(EntE)$_{2}$],EntF,ENTMULTI-CPLX,1.0
1162,[(EntB)$_{2}$][EntD][EntF][(EntE)$_{2}$],EntE,ENTMULTI-CPLX,2.0
1163,[EnvZ]$_{2}$,EnvZ,ENVZ-CPLX,2.0
1164,[Epd]$_{4}$,Epd,ERYTH4PDEHYDROG-CPLX,4.0
1165,[EutB]$_{6}$[EutC]$_{6}$,EutB,ETHAMLY-CPLX,6.0
1166,[EutB]$_{6}$[EutC]$_{6}$,EutC,ETHAMLY-CPLX,6.0
1167,(AtpC)(AtpH)([AtpA]$_{3}$)(AtpG)([AtpD]$_{3}$) (summary available),AtpC,F-1-CPLX,1.0
1168,(AtpC)(AtpH)([AtpA]$_{3}$)(AtpG)([AtpD]$_{3}$) (summary available),AtpH,F-1-CPLX,1.0
1169,(AtpC)(AtpH)([AtpA]$_{3}$)(AtpG)([AtpD]$_{3}$) (summary available),AtpA,F-1-CPLX,3.0
1170,(AtpC)(AtpH)([AtpA]$_{3}$)(AtpG)([AtpD]$_{3}$) (summary available),AtpG,F-1-CPLX,1.0
1171,(AtpC)(AtpH)([AtpA]$_{3}$)(AtpG)([AtpD]$_{3}$) (summary available),AtpD,F-1-CPLX,3.0
1172,[AtpC][AtpH][(AtpA)$_{3}$][AtpG][(AtpD)$_{3}$],AtpC,F-1-CPLX,1.0
1173,[AtpC][AtpH][(AtpA)$_{3}$][AtpG][(AtpD)$_{3}$],AtpH,F-1-CPLX,1.0
1174,[AtpC][AtpH][(AtpA)$_{3}$][AtpG][(AtpD)$_{3}$],AtpA,F-1-CPLX,3.0
1175,[AtpC][AtpH][(AtpA)$_{3}$][AtpG][(AtpD)$_{3}$],AtpG,F-1-CPLX,1.0
1176,[AtpC][AtpH][(AtpA)$_{3}$][AtpG][(AtpD)$_{3}$],AtpD,F-1-CPLX,3.0
1177,([AtpE]$_{10}$)([AtpF]$_{2}$)(AtpB) (summary available),AtpE,F-O-CPLX,10.0
1178,([AtpE]$_{10}$)([AtpF]$_{2}$)(AtpB) (summary available),AtpF,F-O-CPLX,1.0
1179,([AtpE]$_{10}$)([AtpF]$_{2}$)(AtpB) (summary available),AtpB,F-O-CPLX,1.0
1180,[(AtpE)$_{10}$][(AtpF)$_{2}$][AtpB],AtpE,F-O-CPLX,10.0
1181,[(AtpE)$_{10}$][(AtpF)$_{2}$][AtpB],AtpF,F-O-CPLX,2.0
1182,[(AtpE)$_{10}$][(AtpF)$_{2}$][AtpB],AtpB,F-O-CPLX,1.0
1183,[Fbp]$_{4}$,Fbp,F16B-CPLX,4.0
1184,[FabA]$_{2}$,FabA,FABA-CPLX,2.0
1185,[FadA]$_{2}$,FadA,FADA-CPLX,2.0
1186,[FadB]$_{2}$,FadB,FADB-CPLX,2.0
1187,[(FadB)$_{2}$][(FadA)$_{2}$],FadB,FAO-CPLX,2.0
1188,[(FadB)$_{2}$][(FadA)$_{2}$],FadA,FAO-CPLX,2.0
1189,[FdhF][(HycD)(HycC)(HycF)(HycG)(HycB)(HycE)],FdhF,FHLMULTI-CPLX,1.0
1190,[FdhF][(HycD)(HycC)(HycF)(HycG)(HycB)(HycE)],HycD,FHLMULTI-CPLX,1.0
1191,[FdhF][(HycD)(HycC)(HycF)(HycG)(HycB)(HycE)],HycC,FHLMULTI-CPLX,1.0
1192,[FdhF][(HycD)(HycC)(HycF)(HycG)(HycB)(HycE)],HycF,FHLMULTI-CPLX,1.0
1193,[FdhF][(HycD)(HycC)(HycF)(HycG)(HycB)(HycE)],HycG,FHLMULTI-CPLX,1.0
1194,[FdhF][(HycD)(HycC)(HycF)(HycG)(HycB)(HycE)],HycB,FHLMULTI-CPLX,1.0
1195,[FdhF][(HycD)(HycC)(HycF)(HycG)(HycB)(HycE)],HycE,FHLMULTI-CPLX,1.0
1196,([FliG]$_{26}$[FliM]$_{34}$[FliN])(FlgH)(MotA)(MotB)(FlgB)(FlgC)(FlgF)(FlgG)(FlgI)(FliF)(FliE)(FliL)$_{2}$ (extended summary available),FliG,FLAGELLAR-MOTOR-COMPLEX,1.0
1197,([FliG]$_{26}$[FliM]$_{34}$[FliN])(FlgH)(MotA)(MotB)(FlgB)(FlgC)(FlgF)(FlgG)(FlgI)(FliF)(FliE)(FliL)$_{2}$ (extended summary available),FliM,FLAGELLAR-MOTOR-COMPLEX,1.0
1198,([FliG]$_{26}$[FliM]$_{34}$[FliN])(FlgH)(MotA)(MotB)(FlgB)(FlgC)(FlgF)(FlgG)(FlgI)(FliF)(FliE)(FliL)$_{2}$ (extended summary available),FliN,FLAGELLAR-MOTOR-COMPLEX,1.0
1199,([FliG]$_{26}$[FliM]$_{34}$[FliN])(FlgH)(MotA)(MotB)(FlgB)(FlgC)(FlgF)(FlgG)(FlgI)(FliF)(FliE)(FliL)$_{2}$ (extended summary available),FlgH,FLAGELLAR-MOTOR-COMPLEX,1.0
1200,([FliG]$_{26}$[FliM]$_{34}$[FliN])(FlgH)(MotA)(MotB)(FlgB)(FlgC)(FlgF)(FlgG)(FlgI)(FliF)(FliE)(FliL)$_{2}$ (extended summary available),MotA,FLAGELLAR-MOTOR-COMPLEX,1.0
1201,([FliG]$_{26}$[FliM]$_{34}$[FliN])(FlgH)(MotA)(MotB)(FlgB)(FlgC)(FlgF)(FlgG)(FlgI)(FliF)(FliE)(FliL)$_{2}$ (extended summary available),MotB,FLAGELLAR-MOTOR-COMPLEX,1.0
1202,([FliG]$_{26}$[FliM]$_{34}$[FliN])(FlgH)(MotA)(MotB)(FlgB)(FlgC)(FlgF)(FlgG)(FlgI)(FliF)(FliE)(FliL)$_{2}$ (extended summary available),FlgB,FLAGELLAR-MOTOR-COMPLEX,1.0
1203,([FliG]$_{26}$[FliM]$_{34}$[FliN])(FlgH)(MotA)(MotB)(FlgB)(FlgC)(FlgF)(FlgG)(FlgI)(FliF)(FliE)(FliL)$_{2}$ (extended summary available),FlgC,FLAGELLAR-MOTOR-COMPLEX,1.0
1204,([FliG]$_{26}$[FliM]$_{34}$[FliN])(FlgH)(MotA)(MotB)(FlgB)(FlgC)(FlgF)(FlgG)(FlgI)(FliF)(FliE)(FliL)$_{2}$ (extended summary available),FlgF,FLAGELLAR-MOTOR-COMPLEX,1.0
1205,([FliG]$_{26}$[FliM]$_{34}$[FliN])(FlgH)(MotA)(MotB)(FlgB)(FlgC)(FlgF)(FlgG)(FlgI)(FliF)(FliE)(FliL)$_{2}$ (extended summary available),FlgG,FLAGELLAR-MOTOR-COMPLEX,1.0
1206,([FliG]$_{26}$[FliM]$_{34}$[FliN])(FlgH)(MotA)(MotB)(FlgB)(FlgC)(FlgF)(FlgG)(FlgI)(FliF)(FliE)(FliL)$_{2}$ (extended summary available),FlgI,FLAGELLAR-MOTOR-COMPLEX,1.0
1207,([FliG]$_{26}$[FliM]$_{34}$[FliN])(FlgH)(MotA)(MotB)(FlgB)(FlgC)(FlgF)(FlgG)(FlgI)(FliF)(FliE)(FliL)$_{2}$ (extended summary available),FliF,FLAGELLAR-MOTOR-COMPLEX,1.0
1208,([FliG]$_{26}$[FliM]$_{34}$[FliN])(FlgH)(MotA)(MotB)(FlgB)(FlgC)(FlgF)(FlgG)(FlgI)(FliF)(FliE)(FliL)$_{2}$ (extended summary available),FliE,FLAGELLAR-MOTOR-COMPLEX,1.0
1209,([FliG]$_{26}$[FliM]$_{34}$[FliN])(FlgH)(MotA)(MotB)(FlgB)(FlgC)(FlgF)(FlgG)(FlgI)(FliF)(FliE)(FliL)$_{2}$ (extended summary available),FliL,FLAGELLAR-MOTOR-COMPLEX,1.0
1210,[(FliG)$_{26}$(FliM)$_{34}$(FliN)][FlgH][MotA][MotB][FlgB][FlgC][FlgF][FlgG][FlgI][FliF][FliE][FliL]$_{2}$,FliG,FLAGELLAR-MOTOR-COMPLEX,1.0
1211,[(FliG)$_{26}$(FliM)$_{34}$(FliN)][FlgH][MotA][MotB][FlgB][FlgC][FlgF][FlgG][FlgI][FliF][FliE][FliL]$_{2}$,FliM,FLAGELLAR-MOTOR-COMPLEX,3.0
1212,[(FliG)$_{26}$(FliM)$_{34}$(FliN)][FlgH][MotA][MotB][FlgB][FlgC][FlgF][FlgG][FlgI][FliF][FliE][FliL]$_{2}$,FliN,FLAGELLAR-MOTOR-COMPLEX,1.0
1213,[(FliG)$_{26}$(FliM)$_{34}$(FliN)][FlgH][MotA][MotB][FlgB][FlgC][FlgF][FlgG][FlgI][FliF][FliE][FliL]$_{2}$,FlgH,FLAGELLAR-MOTOR-COMPLEX,1.0
1214,[(FliG)$_{26}$(FliM)$_{34}$(FliN)][FlgH][MotA][MotB][FlgB][FlgC][FlgF][FlgG][FlgI][FliF][FliE][FliL]$_{2}$,MotA,FLAGELLAR-MOTOR-COMPLEX,1.0
1215,[(FliG)$_{26}$(FliM)$_{34}$(FliN)][FlgH][MotA][MotB][FlgB][FlgC][FlgF][FlgG][FlgI][FliF][FliE][FliL]$_{2}$,MotB,FLAGELLAR-MOTOR-COMPLEX,1.0
1216,[(FliG)$_{26}$(FliM)$_{34}$(FliN)][FlgH][MotA][MotB][FlgB][FlgC][FlgF][FlgG][FlgI][FliF][FliE][FliL]$_{2}$,FlgB,FLAGELLAR-MOTOR-COMPLEX,1.0
1217,[(FliG)$_{26}$(FliM)$_{34}$(FliN)][FlgH][MotA][MotB][FlgB][FlgC][FlgF][FlgG][FlgI][FliF][FliE][FliL]$_{2}$,FlgC,FLAGELLAR-MOTOR-COMPLEX,1.0
1218,[(FliG)$_{26}$(FliM)$_{34}$(FliN)][FlgH][MotA][MotB][FlgB][FlgC][FlgF][FlgG][FlgI][FliF][FliE][FliL]$_{2}$,FlgF,FLAGELLAR-MOTOR-COMPLEX,1.0
1219,[(FliG)$_{26}$(FliM)$_{34}$(FliN)][FlgH][MotA][MotB][FlgB][FlgC][FlgF][FlgG][FlgI][FliF][FliE][FliL]$_{2}$,FlgG,FLAGELLAR-MOTOR-COMPLEX,1.0
1220,[(FliG)$_{26}$(FliM)$_{34}$(FliN)][FlgH][MotA][MotB][FlgB][FlgC][FlgF][FlgG][FlgI][FliF][FliE][FliL]$_{2}$,FlgI,FLAGELLAR-MOTOR-COMPLEX,1.0
1221,[(FliG)$_{26}$(FliM)$_{34}$(FliN)][FlgH][MotA][MotB][FlgB][FlgC][FlgF][FlgG][FlgI][FliF][FliE][FliL]$_{2}$,FliF,FLAGELLAR-MOTOR-COMPLEX,1.0
1222,[(FliG)$_{26}$(FliM)$_{34}$(FliN)][FlgH][MotA][MotB][FlgB][FlgC][FlgF][FlgG][FlgI][FliF][FliE][FliL]$_{2}$,FliE,FLAGELLAR-MOTOR-COMPLEX,1.0
1223,[(FliG)$_{26}$(FliM)$_{34}$(FliN)][FlgH][MotA][MotB][FlgB][FlgC][FlgF][FlgG][FlgI][FliF][FliE][FliL]$_{2}$,FliL,FLAGELLAR-MOTOR-COMPLEX,2.0
1224,[FolD]$_{2}$,FolD,FOLD-CPLX,2.0
1225,[FolE]$_{10}$,FolE,FOLE-CPLX,10.0
1226,[FolX]$_{8}$,FolX,FOLXTET-CPLX,8.0
1227,[(FdnI)(FdnH)(FdnG)]$_{3}$,FdnI,FORMATEDEHYDROGN-CPLX,1.0
1228,[(FdnI)(FdnH)(FdnG)]$_{3}$,FdnH,FORMATEDEHYDROGN-CPLX,1.0
1229,[(FdnI)(FdnH)(FdnG)]$_{3}$,FdnG,FORMATEDEHYDROGN-CPLX,3.0
1230,[FdoG][FdoH][FdoI],FdoG,FORMATEDEHYDROGO-CPLX,1.0
1231,[FdoG][FdoH][FdoI],FdoH,FORMATEDEHYDROGO-CPLX,1.0
1232,[FdoG][FdoH][FdoI],FdoI,FORMATEDEHYDROGO-CPLX,1.0
1233,[HybA][HybB][HybO][HybC],HybA,FORMHYDROG2-CPLX,1.0
1234,[HybA][HybB][HybO][HybC],HybB,FORMHYDROG2-CPLX,1.0
1235,[HybA][HybB][HybO][HybC],HybO,FORMHYDROG2-CPLX,1.0
1236,[HybA][HybB][HybO][HybC],HybC,FORMHYDROG2-CPLX,1.0
1237,(HyaA)$_{2}$(HyaB)$_{2}$(HyaC),HyaA,FORMHYDROGI-CPLX,1.0
1238,(HyaA)$_{2}$(HyaB)$_{2}$(HyaC),HyaB,FORMHYDROGI-CPLX,1.0
1239,(HyaA)$_{2}$(HyaB)$_{2}$(HyaC),HyaC,FORMHYDROGI-CPLX,1.0
1240,[PurU]$_{6}$,PurU,FORMYLTHFDEFORMYL-CPLX,6.0
1241,[FbaB]$_{10}$,FbaB,FRUCBISALD-CLASSI,10.0
1242,[FbaA]$_{2}$,FbaA,FRUCBISALD-CLASSII,2.0
1243,[FumA]$_{2}$,FumA,FUMARASE-A,2.0
1244,[FumB]$_{2}$,FumB,FUMARASE-B,2.0
1245,[FumC]$_{4}$,FumC,FUMARASE-C,4.0
1246,[FrdA][FrdB][FrdC][FrdD],FrdA,FUMARATE-REDUCTASE,1.0
1247,[FrdA][FrdB][FrdC][FrdD],FrdB,FUMARATE-REDUCTASE,1.0
1248,[FrdA][FrdB][FrdC][FrdD],FrdC,FUMARATE-REDUCTASE,1.0
1249,[FrdA][FrdB][FrdC][FrdD],FrdD,FUMARATE-REDUCTASE,1.0
1250,[GabT]$_{2}$,GabT,GABATRANSAM-CPLX,2.0
1251,[LacA]$_{3}$,LacA,GALACTOACETYLTRAN-CPLX,3.0
1252,[GalT]$_{2}$,GalT,GALACTURIDYLYLTRANS-CPLX,2.0
1253,[GapA]$_{4}$,GapA,GAPDH-A-CPLX,4.0
1254,[(Lpd)$_{2}$][(GcvP)$_{2}$][GcvH][GcvT],Lpd,GCVMULTI-CPLX,2.0
1255,[(Lpd)$_{2}$][(GcvP)$_{2}$][GcvH][GcvT],GcvP,GCVMULTI-CPLX,2.0
1256,[(Lpd)$_{2}$][(GcvP)$_{2}$][GcvH][GcvT],GcvH,GCVMULTI-CPLX,1.0
1257,[(Lpd)$_{2}$][(GcvP)$_{2}$][GcvH][GcvT],GcvT,GCVMULTI-CPLX,1.0
1258,[GcvP]$_{2}$,GcvP,GCVP-CPLX,2.0
1259,[GdhA]$_{6}$,GdhA,GDHA-CPLX,6.0
1260,[Gmd]$_{2}$,Gmd,GDPMANDEHYDRA-CPLX,2.0
1261,[GlgC]$_{4}$,GlgC,GLUC1PADENYLTRANS-CPLX,4.0
1262,[GntK]$_{2}$,GntK,GLUCONOKINII-CPLX,2.0
1263,[NagB]$_{6}$,NagB,GLUCOSAMINE-6-P-DEAMIN-CPLX,6.0
1264,[Agp]$_{2}$,Agp,GLUCOSE-1-PHOSPHAT-CPLX,2.0
1265,[(GltD)(GltB)]$_{4}$,GltD,GLUTAMATESYN-CPLX,1.0
1266,[(GltD)(GltB)]$_{4}$,GltB,GLUTAMATESYN-CPLX,4.0
1267,(GltD)(GltB),GltD,GLUTAMATESYN-DIMER,1.0
1268,(GltD)(GltB),GltB,GLUTAMATESYN-DIMER,1.0
1269,[HisH][HisF],HisH,GLUTAMIDOTRANS-CPLX,1.0
1270,[HisH][HisF],HisF,GLUTAMIDOTRANS-CPLX,1.0
1271,[GlnA]$_{12}$,GlnA,GLUTAMINESYN-OLIGOMER,12.0
1272,[Gor]$_{2}$,Gor,GLUTATHIONE-REDUCT-NADPH-CPLX,2.0
1273,[GshB]$_{4}$,GshB,GLUTATHIONE-SYN-CPLX,4.0
1274,[GadA]$_{6}$,GadA,GLUTDECARBOXA-CPLX,6.0
1275,[GadB]$_{6}$,GadB,GLUTDECARBOXB-CPLX,6.0
1276,[ProB]$_{4}$,ProB,GLUTKIN-CPLX,4.0
1277,[ProA]$_{4}$,ProA,GLUTSEMIALDEHYDROG-CPLX,4.0
1278,[GpsA]$_{2}$,GpsA,GLYC3PDEHYDROGBIOSYN-CPLX,2.0
1279,[GldA]$_{8}$,GldA,GLYCDEH-CPLX,8.0
1280,[GlpK]$_{4}$,GlpK,GLYCEROL-KIN-CPLX,4.0
1281,[GlgP]$_{2}$,GlgP,GLYCOPHOSPHORYL-CPLX,2.0
1282,[GlpQ]$_{2}$,GlpQ,GLYCPDIESTER-PERI-CPLX,2.0
1283,[Gcl]$_{2}$,Gcl,GLYOCARBOLIG-CPLX,2.0
1284,[GlyA]$_{2}$,GlyA,GLYOHMETRANS-CPLX,2.0
1285,[GloA]$_{2}$,GloA,GLYOXI-CPLX,2.0
1286,[GlyS]$_{2}$[GlyQ]$_{2}$,GlyS,GLYS-CPLX,2.0
1287,[GlyS]$_{2}$[GlyQ]$_{2}$,GlyQ,GLYS-CPLX,2.0
1288,[GuaC]$_{4}$,GuaC,GMP-REDUCT-CPLX,4.0
1289,[GuaA]$_{2}$,GuaA,GMP-SYN-CPLX,2.0
1290,[Gpt]$_{4}$,Gpt,GPT-CPLX,4.0
1291,[HemL]$_{2}$,HemL,GSAAMINOTRANS-CPLX,2.0
1292,[Gss]$_{2}$,Gss,GSP-CPLX,2.0
1293,[GstA]$_{2}$,GstA,GST-CPLX,2.0
1294,[RibA]$_{2}$,RibA,GTP-CYCLOHYDRO-II-CPLX,2.0
1295,[Gmk]$_{2}$,Gmk,GUANYL-KIN-CPLX,2.0
1296,[FolP]$_{2}$,FolP,H2PTEROATESYNTH-CPLX,2.0
1297,[HcaC][HcaD][HcaF][HcaE],HcaC,HCAMULTI-CPLX,1.0
1298,[HcaC][HcaD][HcaF][HcaE],HcaD,HCAMULTI-CPLX,1.0
1299,[HcaC][HcaD][HcaF][HcaE],HcaF,HCAMULTI-CPLX,1.0
1300,[HcaC][HcaD][HcaF][HcaE],HcaE,HCAMULTI-CPLX,1.0
1301,[HisS]$_{2}$,HisS,HISS-CPLX,2.0
1302,[HisD]$_{2}$,HisD,HISTDEHYD-CPLX,2.0
1303,[HisC]$_{2}$,HisC,HISTPHOSTRANS-CPLX,2.0
1304,[ThiD]$_{4}$,ThiD,HMP-P-KIN-CPLX,4.0
1305,[ThrB]$_{2}$,ThrB,HOMOSERKIN-CPLX,2.0
1306,[MetA]$_{2}$,MetA,HOMSUCTRAN-CPLX,2.0
1307,(HycD)(HycC)(HycF)(HycG)(HycB)(HycE) (extended summary available),HycD,HYDROG3-CPLX,1.0
1308,(HycD)(HycC)(HycF)(HycG)(HycB)(HycE) (extended summary available),HycC,HYDROG3-CPLX,1.0
1309,(HycD)(HycC)(HycF)(HycG)(HycB)(HycE) (extended summary available),HycF,HYDROG3-CPLX,1.0
1310,(HycD)(HycC)(HycF)(HycG)(HycB)(HycE) (extended summary available),HycG,HYDROG3-CPLX,1.0
1311,(HycD)(HycC)(HycF)(HycG)(HycB)(HycE) (extended summary available),HycB,HYDROG3-CPLX,1.0
1312,(HycD)(HycC)(HycF)(HycG)(HycB)(HycE) (extended summary available),HycE,HYDROG3-CPLX,1.0
1313,[HycD][HycC][HycF][HycG][HycB][HycE],HycD,HYDROG3-CPLX,1.0
1314,[HycD][HycC][HycF][HycG][HycB][HycE],HycC,HYDROG3-CPLX,1.0
1315,[HycD][HycC][HycF][HycG][HycB][HycE],HycF,HYDROG3-CPLX,1.0
1316,[HycD][HycC][HycF][HycG][HycB][HycE],HycG,HYDROG3-CPLX,1.0
1317,[HycD][HycC][HycF][HycG][HycB][HycE],HycB,HYDROG3-CPLX,1.0
1318,[HycD][HycC][HycF][HycG][HycB][HycE],HycE,HYDROG3-CPLX,1.0
1319,[KatG]$_{4}$,KatG,HYDROPEROXIDI-CPLX,4.0
1320,[KatE]$_{4}$,KatE,HYDROPEROXIDII-CPLX,4.0
1321,[HisB]$_{2}$,HisB,IMIDHISTID-CPLX,2.0
1322,[GuaB]$_{4}$,GuaB,IMP-DEHYDROG-CPLX,4.0
1323,[AceA]$_{4}$,AceA,ISOCIT-LYASE,4.0
1324,[Icd]$_{2}$,Icd,ISOCITHASE-CPLX,2.0
1325,[KdsC]$_{4}$,KdsC,KDO-8PPHOSPHAT-CPLX,4.0
1326,[KdsA]$_{4}$,KdsA,KDO-8PSYNTH-CPLX,4.0
1327,[Eda]$_{3}$,Eda,KDPGALDOL-4OH2OXOGLUTARALDOL-CPLX,3.0
1328,[GlmS]$_{2}$,GlmS,L-GLN-FRUCT-6-P-AMINOTRANS-CPLX,2.0
1329,[FucO]$_{2}$,FucO,LACTALDREDUCT-CPLX,2.0
1330,[LdcC]$_{10}$,LdcC,LDC2-CPLX,10.0
1331,[LtaE]$_{4}$,LtaE,LTAA-CPLX,4.0
1332,[TtdA]$_{2}$[TtdB]$_{2}$,TtdA,LTARTDEHYDRA-CPLX,2.0
1333,[TtdA]$_{2}$[TtdB]$_{2}$,TtdB,LTARTDEHYDRA-CPLX,2.0
1334,[RibE]$_{60}$,RibE,LUMAZINESYN-CPLX,60.0
1335,[CadA]$_{10}$,CadA,LYSDECARBOX-CPLX,10.0
1336,[LysS]$_{2}$,LysS,LYSS-CPLX,2.0
1337,[multifunctional] LysU]$_{2}$,LysU,LYSU-CPLX,2.0
1338,[LyxK]$_{2}$,LyxK,LYXK-CPLX,2.0
1339,[Mdh]$_{2}$,Mdh,MALATE-DEHASE,2.0
1340,[MalP]$_{2}$,MalP,MALDEXPHOSPHORYL-CPLX,2.0
1341,[MaeA]$_{4}$,MaeA,MALIC-NAD-CPLX,4.0
1342,[MaeB]$_{6}$,MaeB,MALIC-NADP-CPLX,6.0
1343,[Maa]$_{3}$,Maa,MALTACETYLTRAN-CPLX,3.0
1344,[MenE]$_{4}$,MenE,MENE-CPLX,4.0
1345,[MenF]$_{2}$,MenF,MENF-CPLX,2.0
1346,[MetG]$_{2}$,MetG,METG-CPLX,2.0
1347,[MgsA]$_{6}$,MgsA,METHGLYSYN-CPLX,6.0
1348,[MetF]$_{4}$,MetF,METHYLENETHFREDUCT-CPLX,4.0
1349,[MetN]$_{2}$[MetI]$_{2}$[MetQ],MetN,METNIQ-METHIONINE-ABC-CPLX,2.0
1350,[MetN]$_{2}$[MetI]$_{2}$[MetQ],MetI,METNIQ-METHIONINE-ABC-CPLX,2.0
1351,[MetN]$_{2}$[MetI]$_{2}$[MetQ],MetQ,METNIQ-METHIONINE-ABC-CPLX,1.0
1352,[MtlR]$_{4}$[PtsH]$_{4}$,MtlR,MONOMER0-2461,4.0
1353,[MtlR]$_{4}$[PtsH]$_{4}$,PtsH,MONOMER0-2461,4.0
1354,[MutL][MutS]$_{2}$[MutH],MutL,MUTHLS-CPLX,1.0
1355,[MutL][MutS]$_{2}$[MutH],MutS,MUTHLS-CPLX,2.0
1356,[MutL][MutS]$_{2}$[MutH],MutH,MUTHLS-CPLX,1.0
1357,[ArgA]$_{6}$,ArgA,N-ACETYLTRANSFER-CPLX,6.0
1358,[NadE]$_{2}$,NadE,NAD-SYNTH-CPLX,2.0
1359,[NuoA][NuoH][NuoJ][NuoK][NuoL][NuoM][NuoN][(NuoB)(NuoC)(NuoE)(NuoF)(NuoG)(NuoI)],NuoA,NADH-DHI-CPLX,1.0
1360,[NuoA][NuoH][NuoJ][NuoK][NuoL][NuoM][NuoN][(NuoB)(NuoC)(NuoE)(NuoF)(NuoG)(NuoI)],NuoH,NADH-DHI-CPLX,1.0
1361,[NuoA][NuoH][NuoJ][NuoK][NuoL][NuoM][NuoN][(NuoB)(NuoC)(NuoE)(NuoF)(NuoG)(NuoI)],NuoJ,NADH-DHI-CPLX,1.0
1362,[NuoA][NuoH][NuoJ][NuoK][NuoL][NuoM][NuoN][(NuoB)(NuoC)(NuoE)(NuoF)(NuoG)(NuoI)],NuoK,NADH-DHI-CPLX,1.0
1363,[NuoA][NuoH][NuoJ][NuoK][NuoL][NuoM][NuoN][(NuoB)(NuoC)(NuoE)(NuoF)(NuoG)(NuoI)],NuoL,NADH-DHI-CPLX,1.0
1364,[NuoA][NuoH][NuoJ][NuoK][NuoL][NuoM][NuoN][(NuoB)(NuoC)(NuoE)(NuoF)(NuoG)(NuoI)],NuoM,NADH-DHI-CPLX,1.0
1365,[NuoA][NuoH][NuoJ][NuoK][NuoL][NuoM][NuoN][(NuoB)(NuoC)(NuoE)(NuoF)(NuoG)(NuoI)],NuoN,NADH-DHI-CPLX,1.0
1366,[NuoA][NuoH][NuoJ][NuoK][NuoL][NuoM][NuoN][(NuoB)(NuoC)(NuoE)(NuoF)(NuoG)(NuoI)],NuoB,NADH-DHI-CPLX,1.0
1367,[NuoA][NuoH][NuoJ][NuoK][NuoL][NuoM][NuoN][(NuoB)(NuoC)(NuoE)(NuoF)(NuoG)(NuoI)],NuoC,NADH-DHI-CPLX,1.0
1368,[NuoA][NuoH][NuoJ][NuoK][NuoL][NuoM][NuoN][(NuoB)(NuoC)(NuoE)(NuoF)(NuoG)(NuoI)],NuoE,NADH-DHI-CPLX,1.0
1369,[NuoA][NuoH][NuoJ][NuoK][NuoL][NuoM][NuoN][(NuoB)(NuoC)(NuoE)(NuoF)(NuoG)(NuoI)],NuoF,NADH-DHI-CPLX,1.0
1370,[NuoA][NuoH][NuoJ][NuoK][NuoL][NuoM][NuoN][(NuoB)(NuoC)(NuoE)(NuoF)(NuoG)(NuoI)],NuoG,NADH-DHI-CPLX,1.0
1371,[NuoA][NuoH][NuoJ][NuoK][NuoL][NuoM][NuoN][(NuoB)(NuoC)(NuoE)(NuoF)(NuoG)(NuoI)],NuoI,NADH-DHI-CPLX,1.0
1372,[GlmU]$_{3}$,GlmU,NAG1P-URIDYLTRANS-CPLX,3.0
1373,[NagA]$_{4}$,NagA,NAG6PDEACET-CPLX,4.0
1374,[NapB][NapA],NapB,NAP-CPLX,1.0
1375,[NapB][NapA],NapA,NAP-CPLX,1.0
1376,[NarX]$_{2}$,NarX,NARX-CPLX,2.0
1377,[NarG]$_{2}$[NarH]$_{2}$[NarI]$_{2}$,NarG,NITRATREDUCTA-CPLX,2.0
1378,[NarG]$_{2}$[NarH]$_{2}$[NarI]$_{2}$,NarH,NITRATREDUCTA-CPLX,2.0
1379,[NarG]$_{2}$[NarH]$_{2}$[NarI]$_{2}$,NarI,NITRATREDUCTA-CPLX,2.0
1380,[NarY][NarZ][NarV],NarY,NITRATREDUCTZ-CPLX,1.0
1381,[NarY][NarZ][NarV],NarZ,NITRATREDUCTZ-CPLX,1.0
1382,[NarY][NarZ][NarV],NarV,NITRATREDUCTZ-CPLX,1.0
1383,[NirD][NirB],NirD,NITRITREDUCT-CPLX,1.0
1384,[NirD][NirB],NirB,NITRITREDUCT-CPLX,1.0
1385,[(NrdD)$_{2}$][(NrdG)$_{2}$],NrdD,NRDACTMULTI-CPLX,2.0
1386,[(NrdD)$_{2}$][(NrdG)$_{2}$],NrdG,NRDACTMULTI-CPLX,2.0
1387,[NrfA][NrfB],NrfA,NRFMULTI-CPLX,1.0
1388,[NrfA][NrfB],NrfB,NRFMULTI-CPLX,1.0
1389,[Ndk]$_{4}$,Ndk,NUCLEOSIDE-DIP-KIN-CPLX,4.0
1390,[MetB]$_{4}$,MetB,O-SUCCHOMOSERLYASE-CPLX,4.0
1391,[ArgF]$_{3}$,ArgF,ORNCARBAMTRANSFERF-CPLX,3.0
1392,[ArgI]$_{3}$,ArgI,ORNCARBAMTRANSFERI-CPLX,3.0
1393,[SpeC]$_{2}$,SpeC,ORNDECARBOX-BIO-CPLX,2.0
1394,[SpeF]$_{2}$,SpeF,ORNDECARBOXDEG-CPLX,2.0
1395,[PyrE]$_{2}$,PyrE,OROPRIBTRANS-CPLX,2.0
1396,[PyrF]$_{2}$,PyrF,OROTPDECARB-CPLX,2.0
1397,[PabB][PabA],PabB,PABASYN-CPLX,1.0
1398,[PabB][PabA],PabA,PABASYN-CPLX,1.0
1399,[PanC]$_{2}$,PanC,PANTOATE-BETA-ALANINE-LIG-CPLX,2.0
1400,[CoaA]$_{2}$,CoaA,PANTOTHENATE-KIN-CPLX,2.0
1401,[CysH]$_{2}$,CysH,PAPSSULFOTRANS-CPLX,2.0
1402,[IhfA][IhfB],IhfA,PC00027,1.0
1403,[IhfA][IhfB],IhfB,PC00027,1.0
1404,[RcsB][RcsA],RcsB,PC00084,1.0
1405,[RcsB][RcsA],RcsA,PC00084,1.0
1406,[PdxH]$_{2}$,PdxH,PDXH-CPLX,2.0
1407,[PdxK]$_{2}$,PdxK,PDXK-CPLX,2.0
1408,[Ppc]$_{4}$,Ppc,PEPCARBOX-CPLX,4.0
1409,[PpsA]$_{2}$,PpsA,PEPSYNTH-CPLX,2.0
1410,[SerA]$_{4}$,SerA,PGLYCDEHYDROG-CPLX,4.0
1411,[FeaB]$_{4}$,FeaB,PHENDEHYD-CPLX,4.0
1412,[PheS]$_{2}$[PheT]$_{2}$,PheS,PHES-CPLX,2.0
1413,[PheS]$_{2}$[PheT]$_{2}$,PheT,PHES-CPLX,2.0
1414,[Pta]$_{6}$,Pta,PHOSACETYLTRANS-CPLX,6.0
1415,[GpmA]$_{2}$,GpmA,PHOSGLYCMUTASE,2.0
1416,[Psd][Psd],Psd,PHOSPHASERDECARB-DIMER,1.0
1417,[Psd][Psd],Psd,PHOSPHASERDECARB-DIMER,1.0
1418,[PhoR]$_{2}$,PhoR,PHOSPHO-PHOR,2.0
1419,[PykF]$_{4}$,PykF,PKI-COMPLEX,4.0
1420,[PykA]$_{4}$,PykA,PKII-CPLX,4.0
1421,[HemB]$_{8}$,HemB,PORPHOBILSYNTH-CPLX,8.0
1422,[Ppk]$_{2}$,Ppk,PPK-CPLX,2.0
1423,[Gpp]$_{2}$,Gpp,PPPGPPHYDRO-CPLX,2.0
1424,[Ppx]$_{2}$,Ppx,PPX-CPLX,2.0
1425,[ProS]$_{2}$,ProS,PROS-CPLX,2.0
1426,[PurF]$_{4}$,PurF,PRPPAMIDOTRANS-CPLX,4.0
1427,[SerC]$_{2}$,SerC,PSERTRANSAM-CPLX,2.0
1428,[PurE]$_{8}$,PurE,PURE-CPLX,8.0
1429,[PurK]$_{2}$,PurK,PURK-CPLX,2.0
1430,[PutA]$_{2}$,PutA,PUTA-CPLX,2.0
1431,[PntB]$_{2}$[PntA]$_{2}$,PntB,PYRNUTRANSHYDROGEN-CPLX,2.0
1432,[PntB]$_{2}$[PntA]$_{2}$,PntA,PYRNUTRANSHYDROGEN-CPLX,2.0
1433,[ProC]$_{10}$,ProC,PYRROLINECARBREDUCT-CPLX,10.0
1434,[(AceE)$_{2}$]$_{12}$[AceF]$_{24}$[(Lpd)$_{2}$]$_{6}$,AceE,PYRUVATEDEH-CPLX,144.0
1435,[(AceE)$_{2}$]$_{12}$[AceF]$_{24}$[(Lpd)$_{2}$]$_{6}$,AceF,PYRUVATEDEH-CPLX,1728.0
1436,[(AceE)$_{2}$]$_{12}$[AceF]$_{24}$[(Lpd)$_{2}$]$_{6}$,Lpd,PYRUVATEDEH-CPLX,144.0
1437,[PoxB]$_{4}$,PoxB,PYRUVOXID-CPLX,4.0
1438,[QorA]$_{2}$,QorA,QOR-CPLX,2.0
1439,[NadC]$_{2}$,NadC,QUINOPRIBOTRANS-CPLX,2.0
1440,[RecD][RecC][RecB],RecD,RECBCD,1.0
1441,[RecD][RecC][RecB],RecC,RECBCD,1.0
1442,[RecD][RecC][RecB],RecB,RECBCD,1.0
1443,[RecF][RecR][RecO],RecF,RECFOR-CPLX,1.0
1444,[RecF][RecR][RecO],RecR,RECFOR-CPLX,1.0
1445,[RecF][RecR][RecO],RecO,RECFOR-CPLX,1.0
1446,[RhaD]$_{4}$,RhaD,RHAMNULPALDOL-CPLX,4.0
1447,[RpiA]$_{2}$,RpiA,RIB5PISOMA-CPLX,2.0
1448,[RpiB]$_{2}$,RpiB,RIB5PISOMB-CPLX,2.0
1449,[(NrdA)$_{2}$][(NrdB)$_{2}$],NrdA,RIBONUCLEOSIDE-DIP-REDUCTI-CPLX,2.0
1450,[(NrdA)$_{2}$][(NrdB)$_{2}$],NrdB,RIBONUCLEOSIDE-DIP-REDUCTI-CPLX,2.0
1451,[(NrdE)$_{2}$][(NrdF)$_{2}$],NrdE,RIBONUCLEOSIDE-DIP-REDUCTII-CPLX,2.0
1452,[(NrdE)$_{2}$][(NrdF)$_{2}$],NrdF,RIBONUCLEOSIDE-DIP-REDUCTII-CPLX,2.0
1453,[NrdD]$_{2}$,NrdD,RIBONUCLEOSIDE-TRIP-REDUCT-CPLX,2.0
1454,[AraB]$_{2}$,AraB,RIBULOKIN-CPLX,2.0
1455,[AraD]$_{4}$,AraD,RIBULPEPIM-CPLX,4.0
1456,[(RpoA)$_{2}$(RpoC)(RpoB)][RpoH],RpoA,RNAP32-CPLX,1.0
1457,[(RpoA)$_{2}$(RpoC)(RpoB)][RpoH],RpoC,RNAP32-CPLX,1.0
1458,[(RpoA)$_{2}$(RpoC)(RpoB)][RpoH],RpoB,RNAP32-CPLX,1.0
1459,[(RpoA)$_{2}$(RpoC)(RpoB)][RpoH],RpoH,RNAP32-CPLX,1.0
1460,[(RpoA)$_{2}$(RpoC)(RpoB)][RpoN],RpoA,RNAP54-CPLX,1.0
1461,[(RpoA)$_{2}$(RpoC)(RpoB)][RpoN],RpoC,RNAP54-CPLX,1.0
1462,[(RpoA)$_{2}$(RpoC)(RpoB)][RpoN],RpoB,RNAP54-CPLX,1.0
1463,[(RpoA)$_{2}$(RpoC)(RpoB)][RpoN],RpoN,RNAP54-CPLX,1.0
1464,[(RpoA)$_{2}$(RpoC)(RpoB)][RpoD],RpoA,RNAP70-CPLX,1.0
1465,[(RpoA)$_{2}$(RpoC)(RpoB)][RpoD],RpoC,RNAP70-CPLX,1.0
1466,[(RpoA)$_{2}$(RpoC)(RpoB)][RpoD],RpoB,RNAP70-CPLX,1.0
1467,[(RpoA)$_{2}$(RpoC)(RpoB)][RpoD],RpoD,RNAP70-CPLX,1.0
1468,[(RpoA)$_{2}$(RpoC)(RpoB)][RpoE],RpoA,RNAPE-CPLX,1.0
1469,[(RpoA)$_{2}$(RpoC)(RpoB)][RpoE],RpoC,RNAPE-CPLX,1.0
1470,[(RpoA)$_{2}$(RpoC)(RpoB)][RpoE],RpoB,RNAPE-CPLX,1.0
1471,[(RpoA)$_{2}$(RpoC)(RpoB)][RpoE],RpoE,RNAPE-CPLX,1.0
1472,[(RpoA)$_{2}$(RpoC)(RpoB)][RpoS],RpoA,RNAPS-CPLX,1.0
1473,[(RpoA)$_{2}$(RpoC)(RpoB)][RpoS],RpoC,RNAPS-CPLX,1.0
1474,[(RpoA)$_{2}$(RpoC)(RpoB)][RpoS],RpoB,RNAPS-CPLX,1.0
1475,[(RpoA)$_{2}$(RpoC)(RpoB)][RpoS],RpoS,RNAPS-CPLX,1.0
1476,[RuvC]$_{2}$[RuvB]$_{12}$[RuvA]$_{4}$,RuvC,RUVABC-CPLX,2.0
1477,[RuvC]$_{2}$[RuvB]$_{12}$[RuvA]$_{4}$,RuvB,RUVABC-CPLX,12.0
1478,[RuvC]$_{2}$[RuvB]$_{12}$[RuvA]$_{4}$,RuvA,RUVABC-CPLX,4.0
1479,[MetK]$_{4}$,MetK,S-ADENMETSYN-CPLX,4.0
1480,[PurC]$_{3}$,PurC,SAICARSYN-CPLX,3.0
1481,[SpeD]$_{4}$[SpeD]$_{4}$,SpeD,SAMDECARB-CPLX,16.0
1482,[SpeD]$_{4}$[SpeD]$_{4}$,SpeD,SAMDECARB-CPLX,16.0
1483,[(YidC)(YajC)(SecF)(SecD)][(SecE)(SecG)(SecY)],YidC,SEC-SECRETION-CPLX,1.0
1484,[(YidC)(YajC)(SecF)(SecD)][(SecE)(SecG)(SecY)],YajC,SEC-SECRETION-CPLX,1.0
1485,[(YidC)(YajC)(SecF)(SecD)][(SecE)(SecG)(SecY)],SecF,SEC-SECRETION-CPLX,1.0
1486,[(YidC)(YajC)(SecF)(SecD)][(SecE)(SecG)(SecY)],SecD,SEC-SECRETION-CPLX,1.0
1487,[(YidC)(YajC)(SecF)(SecD)][(SecE)(SecG)(SecY)],SecE,SEC-SECRETION-CPLX,1.0
1488,[(YidC)(YajC)(SecF)(SecD)][(SecE)(SecG)(SecY)],SecG,SEC-SECRETION-CPLX,1.0
1489,[(YidC)(YajC)(SecF)(SecD)][(SecE)(SecG)(SecY)],SecY,SEC-SECRETION-CPLX,1.0
1490,(YidC)(YajC)(SecF)(SecD) (extended summary available),YidC,SECD-SECF-YAJC-YIDC-CPLX,1.0
1491,(YidC)(YajC)(SecF)(SecD) (extended summary available),YajC,SECD-SECF-YAJC-YIDC-CPLX,1.0
1492,(YidC)(YajC)(SecF)(SecD) (extended summary available),SecF,SECD-SECF-YAJC-YIDC-CPLX,1.0
1493,(YidC)(YajC)(SecF)(SecD) (extended summary available),SecD,SECD-SECF-YAJC-YIDC-CPLX,1.0
1494,[YidC][YajC][SecF][SecD],YidC,SECD-SECF-YAJC-YIDC-CPLX,1.0
1495,[YidC][YajC][SecF][SecD],YajC,SECD-SECF-YAJC-YIDC-CPLX,1.0
1496,[YidC][YajC][SecF][SecD],SecF,SECD-SECF-YAJC-YIDC-CPLX,1.0
1497,[YidC][YajC][SecF][SecD],SecD,SECD-SECF-YAJC-YIDC-CPLX,1.0
1498,(SecE)(SecG)(SecY) (extended summary available),SecE,SECE-G-Y-CPLX,1.0
1499,(SecE)(SecG)(SecY) (extended summary available),SecG,SECE-G-Y-CPLX,1.0
1500,(SecE)(SecG)(SecY) (extended summary available),SecY,SECE-G-Y-CPLX,1.0
1501,[SecE][SecG][SecY],SecE,SECE-G-Y-CPLX,1.0
1502,[SecE][SecG][SecY],SecG,SECE-G-Y-CPLX,1.0
1503,[SecE][SecG][SecY],SecY,SECE-G-Y-CPLX,1.0
1504,[SerS]$_{2}$,SerS,SERS-CPLX,2.0
1505,[CysG]$_{2}$,CysG,SIROHEMESYN-CPLX,2.0
1506,[SrlD]$_{4}$,SrlD,SORB6PDEHYDROG-CPLX,4.0
1507,[SpeG]$_{4}$,SpeG,SPERMACTRAN-CPLX,4.0
1508,[SpeE]$_{2}$,SpeE,SPERMIDINESYN-CPLX,2.0
1509,(SdhA)(SdhB)(SdhC)(SdhD),SdhA,SUCC-DEHASE,1.0
1510,(SdhA)(SdhB)(SdhC)(SdhD),SdhB,SUCC-DEHASE,1.0
1511,(SdhA)(SdhB)(SdhC)(SdhD),SdhC,SUCC-DEHASE,1.0
1512,(SdhA)(SdhB)(SdhC)(SdhD),SdhD,SUCC-DEHASE,1.0
1513,[AstC]$_{2}$,AstC,SUCCORNTRANSAM-CPLX,2.0
1514,[CysD]$_{4}$[CysN]$_{4}$,CysD,SULFATE-ADENYLYLTRANS-CPLX,4.0
1515,[CysD]$_{4}$[CysN]$_{4}$,CysN,SULFATE-ADENYLYLTRANS-CPLX,4.0
1516,[(CysJ)$_{8}$][CysI]$_{4}$,CysJ,SULFITE-REDUCT-CPLX,8.0
1517,[(CysJ)$_{8}$][CysI]$_{4}$,CysI,SULFITE-REDUCT-CPLX,4.0
1518,[SodB]$_{2}$,SodB,SUPEROX-DISMUTFE-CPLX,2.0
1519,[SodA]$_{2}$,SodA,SUPEROX-DISMUTMN-CPLX,2.0
1520,[TatB][TatC][TatE][TatA],TatB,TATABCE-CPLX,1.0
1521,[TatB][TatC][TatE][TatA],TatC,TATABCE-CPLX,1.0
1522,[TatB][TatC][TatE][TatA],TatE,TATABCE-CPLX,1.0
1523,[TatB][TatC][TatE][TatA],TatA,TATABCE-CPLX,1.0
1524,[TesB]$_{4}$,TesB,THIOESTERII-CPLX,4.0
1525,[TrxB]$_{2}$,TrxB,THIOREDOXIN-REDUCT-NADPH-CPLX,2.0
1526,[TdcB]$_{4}$,TdcB,THREDEHYDCAT-CPLX,4.0
1527,[IlvA]$_{4}$,IlvA,THREDEHYDSYN-CPLX,4.0
1528,[Tdh]$_{4}$,Tdh,THREODEHYD-CPLX,4.0
1529,[ThrS]$_{2}$,ThrS,THRS-CPLX,2.0
1530,[ThyA]$_{2}$,ThyA,THYMIDYLATESYN-CPLX,2.0
1531,[TorC][TorA],TorC,TMAOREDUCTI-CPLX,1.0
1532,[TorC][TorA],TorA,TMAOREDUCTI-CPLX,1.0
1533,[TpiA]$_{2}$,TpiA,TPI,2.0
1534,[(TolC)$_{3}$][MacB]$_{2}$[MacA]$_{6}$,TolC,TRANS-200-CPLX,3.0
1535,[(TolC)$_{3}$][MacB]$_{2}$[MacA]$_{6}$,MacB,TRANS-200-CPLX,2.0
1536,[(TolC)$_{3}$][MacB]$_{2}$[MacA]$_{6}$,MacA,TRANS-200-CPLX,6.0
1537,[(TolC)$_{3}$][AcrA]$_{6}$[AcrB]$_{3}$,TolC,TRANS-CPLX-201,3.0
1538,[(TolC)$_{3}$][AcrA]$_{6}$[AcrB]$_{3}$,AcrA,TRANS-CPLX-201,6.0
1539,[(TolC)$_{3}$][AcrA]$_{6}$[AcrB]$_{3}$,AcrB,TRANS-CPLX-201,3.0
1540,[(TolC)$_{3}$][MdtC][MdtB]$_{2}$[MdtA],TolC,TRANS-CPLX-202,3.0
1541,[(TolC)$_{3}$][MdtC][MdtB]$_{2}$[MdtA],MdtC,TRANS-CPLX-202,1.0
1542,[(TolC)$_{3}$][MdtC][MdtB]$_{2}$[MdtA],MdtB,TRANS-CPLX-202,2.0
1543,[(TolC)$_{3}$][MdtC][MdtB]$_{2}$[MdtA],MdtA,TRANS-CPLX-202,1.0
1544,[YiaO][YiaN][YiaM],YiaO,TRANS-CPLX-203,1.0
1545,[YiaO][YiaN][YiaM],YiaN,TRANS-CPLX-203,1.0
1546,[YiaO][YiaN][YiaM],YiaM,TRANS-CPLX-203,1.0
1547,[(TolC)$_{3}$][MdtE][MdtF],TolC,TRANS-CPLX-204,3.0
1548,[(TolC)$_{3}$][MdtE][MdtF],MdtE,TRANS-CPLX-204,1.0
1549,[(TolC)$_{3}$][MdtE][MdtF],MdtF,TRANS-CPLX-204,1.0
1550,[TalB]$_{2}$,TalB,TRANSALDOLB-CPLX,2.0
1551,[TktA]$_{2}$,TktA,TRANSKETOI-CPLX,2.0
1552,[TrpS]$_{2}$,TrpS,TRPS-CPLX,2.0
1553,[TnaA]$_{4}$,TnaA,TRYPTOPHAN-CPLX,4.0
1554,[CheW]$_{2}$[(CheA)$_{2}$][(Tsr)$_{2}$]$_{6}$,CheW,TSR-CPLX,12.0
1555,[CheW]$_{2}$[(CheA)$_{2}$][(Tsr)$_{2}$]$_{6}$,CheA,TSR-CPLX,12.0
1556,[CheW]$_{2}$[(CheA)$_{2}$][(Tsr)$_{2}$]$_{6}$,Tsr,TSR-CPLX,12.0
1557,[TyrB]$_{2}$,TyrB,TYRB-DIMER,2.0
1558,[TyrS]$_{2}$,TyrS,TYRS-CPLX,2.0
1559,[SthA]$_{8}$,SthA,UDHA-CPLX,8.0
1560,[GalE]$_{2}$,GalE,UDPGLUCEPIM-CPLX,2.0
1561,[PyrH]$_{6}$,PyrH,UMPKI-CPLX,6.0
1562,"[(2&lt;i&gt;E&lt;/i&gt;,6&lt;i&gt;E&lt;/i&gt;)-farnesyl-diphosphate specific] UppS]$_{2}$",UppS,UPPSYN-CPLX,1.0
1563,[Upp]$_{3}$,Upp,URACIL-PRIBOSYLTRANS-CPLX,3.0
1564,[Udp]$_{6}$,Udp,URPHOS-CPLX,6.0
1565,[UvrB][UvrC][UvrA],UvrB,UVRABC-CPLX,1.0
1566,[UvrB][UvrC][UvrA],UvrC,UVRABC-CPLX,1.0
1567,[UvrB][UvrC][UvrA],UvrA,UVRABC-CPLX,1.0
1568,[XapA]$_{6}$,XapA,XANTHOSINEPHOSPHORY-CPLX,6.0
1569,[XylA]$_{2}$,XylA,XYLISOM-CPLX,2.0
1570,[MdtJ][MdtI],MdtJ,YDGEF-CPLX,1.0
1571,[MdtJ][MdtI],MdtI,YDGEF-CPLX,1.0
